<?xml version="1.0" encoding="UTF-8"?>
<project version="4">
  <component name="ChangeListManager">
    <list default="true" id="d9b2e694-21be-4749-8166-94134c5b4317" name="默认的" comment="" />
    <option name="SHOW_DIALOG" value="false" />
    <option name="HIGHLIGHT_CONFLICTS" value="true" />
    <option name="HIGHLIGHT_NON_ACTIVE_CHANGELIST" value="false" />
    <option name="LAST_RESOLUTION" value="IGNORE" />
  </component>
  <component name="FileTemplateManagerImpl">
    <option name="RECENT_TEMPLATES">
      <list>
        <option value="Python Script" />
      </list>
    </option>
  </component>
  <component name="ProjectId" id="1xqOyM2o3STQSEOq7yBHxXW1CeO" />
  <component name="ProjectViewState">
    <option name="hideEmptyMiddlePackages" value="true" />
    <option name="showLibraryContents" value="true" />
    <option name="sortByType" value="true" />
  </component>
  <component name="PropertiesComponent">
    <property name="RunOnceActivity.OpenProjectViewOnStart" value="true" />
    <property name="last_opened_file_path" value="$PROJECT_DIR$/data/ncDR/feature vectors" />
    <property name="settings.editor.selected.configurable" value="com.jetbrains.python.configuration.PyActiveSdkModuleConfigurable" />
  </component>
  <component name="RecentsManager">
    <key name="CopyFile.RECENT_KEYS">
      <recent name="E:\Pycharm\Project\BiNE-master\data\ncDR\feature vectors" />
      <recent name="E:\Pycharm\Project\BiNE-master\data\ncDR" />
      <recent name="E:\Pycharm\Project\BiNE-master\data" />
    </key>
    <key name="MoveFile.RECENT_KEYS">
      <recent name="E:\Pycharm\Project\BiNE-master\data\ncDR\feature vectors" />
      <recent name="E:\Pycharm\Project\BiNE-master\data\wiki" />
    </key>
  </component>
  <component name="RunManager" selected="Python.Behavior">
    <configuration name="Behavior" type="PythonConfigurationType" factoryName="Python" temporary="true" nameIsGenerated="true">
      <module name="BiNE-master" />
      <option name="INTERPRETER_OPTIONS" value="" />
      <option name="PARENT_ENVS" value="true" />
      <envs>
        <env name="PYTHONUNBUFFERED" value="1" />
      </envs>
      <option name="SDK_HOME" value="" />
      <option name="WORKING_DIRECTORY" value="$PROJECT_DIR$/data/ncDR/feature vectors" />
      <option name="IS_MODULE_SDK" value="true" />
      <option name="ADD_CONTENT_ROOTS" value="true" />
      <option name="ADD_SOURCE_ROOTS" value="true" />
      <option name="SCRIPT_NAME" value="$PROJECT_DIR$/data/ncDR/feature vectors/Behavior.py" />
      <option name="PARAMETERS" value="" />
      <option name="SHOW_COMMAND_LINE" value="false" />
      <option name="EMULATE_TERMINAL" value="false" />
      <option name="MODULE_MODE" value="false" />
      <option name="REDIRECT_INPUT" value="false" />
      <option name="INPUT_FILE" value="" />
      <method v="2" />
    </configuration>
    <configuration name="graph" type="PythonConfigurationType" factoryName="Python" temporary="true" nameIsGenerated="true">
      <module name="BiNE-master" />
      <option name="INTERPRETER_OPTIONS" value="" />
      <option name="PARENT_ENVS" value="true" />
      <envs>
        <env name="PYTHONUNBUFFERED" value="1" />
      </envs>
      <option name="SDK_HOME" value="" />
      <option name="WORKING_DIRECTORY" value="$PROJECT_DIR$/model" />
      <option name="IS_MODULE_SDK" value="true" />
      <option name="ADD_CONTENT_ROOTS" value="true" />
      <option name="ADD_SOURCE_ROOTS" value="true" />
      <option name="SCRIPT_NAME" value="$PROJECT_DIR$/model/graph.py" />
      <option name="PARAMETERS" value="" />
      <option name="SHOW_COMMAND_LINE" value="false" />
      <option name="EMULATE_TERMINAL" value="false" />
      <option name="MODULE_MODE" value="false" />
      <option name="REDIRECT_INPUT" value="false" />
      <option name="INPUT_FILE" value="" />
      <method v="2" />
    </configuration>
    <configuration name="train" type="PythonConfigurationType" factoryName="Python" temporary="true" nameIsGenerated="true">
      <module name="BiNE-master" />
      <option name="INTERPRETER_OPTIONS" value="" />
      <option name="PARENT_ENVS" value="true" />
      <envs>
        <env name="PYTHONUNBUFFERED" value="1" />
      </envs>
      <option name="SDK_HOME" value="" />
      <option name="WORKING_DIRECTORY" value="$PROJECT_DIR$/model" />
      <option name="IS_MODULE_SDK" value="true" />
      <option name="ADD_CONTENT_ROOTS" value="true" />
      <option name="ADD_SOURCE_ROOTS" value="true" />
      <option name="SCRIPT_NAME" value="$PROJECT_DIR$/model/train.py" />
      <option name="PARAMETERS" value="" />
      <option name="SHOW_COMMAND_LINE" value="false" />
      <option name="EMULATE_TERMINAL" value="false" />
      <option name="MODULE_MODE" value="false" />
      <option name="REDIRECT_INPUT" value="false" />
      <option name="INPUT_FILE" value="" />
      <method v="2" />
    </configuration>
    <recent_temporary>
      <list>
        <item itemvalue="Python.Behavior" />
        <item itemvalue="Python.train" />
        <item itemvalue="Python.graph" />
      </list>
    </recent_temporary>
  </component>
  <component name="SpellCheckerSettings" RuntimeDictionaries="0" Folders="0" CustomDictionaries="0" DefaultDictionary="application-level" UseSingleDictionary="true" transferred="true" />
  <component name="TaskManager">
    <task active="true" id="Default" summary="Default task">
      <changelist id="d9b2e694-21be-4749-8166-94134c5b4317" name="默认的" comment="" />
      <created>1631079404616</created>
      <option name="number" value="Default" />
      <option name="presentableId" value="Default" />
      <updated>1631079404616</updated>
    </task>
    <servers />
  </component>
  <component name="WindowStateProjectService">
    <state x="395" y="90" key="#检查" timestamp="1631082888154">
      <screen x="0" y="0" width="1536" height="824" />
    </state>
    <state x="395" y="90" key="#检查/0.0.1536.824@0.0.1536.824" timestamp="1631082888154" />
    <state width="1515" height="160" key="GridCell.Tab.0.bottom" timestamp="1631190204501">
      <screen x="0" y="0" width="1536" height="824" />
    </state>
    <state width="1515" height="160" key="GridCell.Tab.0.bottom/0.0.1536.824@0.0.1536.824" timestamp="1631190204501" />
    <state width="1515" height="160" key="GridCell.Tab.0.center" timestamp="1631190204501">
      <screen x="0" y="0" width="1536" height="824" />
    </state>
    <state width="1515" height="160" key="GridCell.Tab.0.center/0.0.1536.824@0.0.1536.824" timestamp="1631190204501" />
    <state width="1515" height="160" key="GridCell.Tab.0.left" timestamp="1631190204501">
      <screen x="0" y="0" width="1536" height="824" />
    </state>
    <state width="1515" height="160" key="GridCell.Tab.0.left/0.0.1536.824@0.0.1536.824" timestamp="1631190204501" />
    <state width="1515" height="160" key="GridCell.Tab.0.right" timestamp="1631190204501">
      <screen x="0" y="0" width="1536" height="824" />
    </state>
    <state width="1515" height="160" key="GridCell.Tab.0.right/0.0.1536.824@0.0.1536.824" timestamp="1631190204501" />
    <state width="757" height="299" key="GridCell.Tab.1.bottom" timestamp="1631086284296">
      <screen x="0" y="0" width="1536" height="824" />
    </state>
    <state width="757" height="299" key="GridCell.Tab.1.bottom/0.0.1536.824@0.0.1536.824" timestamp="1631086284296" />
    <state width="757" height="299" key="GridCell.Tab.1.center" timestamp="1631086284296">
      <screen x="0" y="0" width="1536" height="824" />
    </state>
    <state width="757" height="299" key="GridCell.Tab.1.center/0.0.1536.824@0.0.1536.824" timestamp="1631086284296" />
    <state width="757" height="299" key="GridCell.Tab.1.left" timestamp="1631086284296">
      <screen x="0" y="0" width="1536" height="824" />
    </state>
    <state width="757" height="299" key="GridCell.Tab.1.left/0.0.1536.824@0.0.1536.824" timestamp="1631086284296" />
    <state width="757" height="299" key="GridCell.Tab.1.right" timestamp="1631086284296">
      <screen x="0" y="0" width="1536" height="824" />
    </state>
    <state width="757" height="299" key="GridCell.Tab.1.right/0.0.1536.824@0.0.1536.824" timestamp="1631086284296" />
    <state x="270" y="56" key="SettingsEditor" timestamp="1631189804818">
      <screen x="0" y="0" width="1536" height="824" />
    </state>
    <state x="270" y="56" key="SettingsEditor/0.0.1536.824@0.0.1536.824" timestamp="1631189804818" />
  </component>
  <component name="XDebuggerManager">
    <breakpoint-manager>
      <breakpoints>
        <line-breakpoint enabled="true" suspend="THREAD" type="python-line">
          <url>file://$PROJECT_DIR$/model/graph.py</url>
          <line>321</line>
          <option name="timeStamp" value="2" />
        </line-breakpoint>
      </breakpoints>
      <default-breakpoints>
        <breakpoint type="python-exception">
          <properties notifyOnTerminate="true" exception="BaseException">
            <option name="notifyOnTerminate" value="true" />
          </properties>
        </breakpoint>
      </default-breakpoints>
    </breakpoint-manager>
  </component>
</project>