hsa-miR-4772-5p,969516
hsa-miR-17-3p,42611257
hsa-miR-196a-5p,3386
hsa-miR-148b-3p,3220
hsa-miR-512-3p,3028194
hsa-miR-218-5p,73581
hsa-miR-597-5p,667639
hsa-miR-202-3p,14403
hsa-miR-2355-3p,5994
hsa-miR-345-5p,442793
hsa-miR-532-5p,455658
hsa-miR-202-5p,265237
hsa-miR-135a-5p,3229
hsa-miR-106b-5p,162282
hsa-miR-371a-5p,36462
hsa-miR-641,6013
hsa-miR-299-5p,3386
hsa-miR-1226-5p,31101
hsa-miR-4284,387447
hsa-miR-181d-5p,985
hsa-miR-372-3p,119104
hsa-miR-150-5p,265237
hsa-miR-323b-5p,6089
hsa-miR-377-3p,444797
hsa-miR-3662,5280448
hsa-miR-219a-5p,73581
hsa-miR-1973,5073
hsa-miR-340-5p,445639
hsa-miR-525-3p,5757
hsa-miR-148a-3p,60838
hsa-miR-590-3p,444796
hsa-miR-19b-3p,31703
hsa-miR-936,114900
hsa-miR-224-3p,15
hsa-miR-718,3220
hsa-miR-133a-3p,14403
hsa-miR-574-5p,47318
hsa-miR-449a,23973
hsa-miR-10a-5p,4091
hsa-miR-30c-5p,3071
hsa-miR-555,5743
hsa-miR-186-3p,31101
hsa-miR-641,9804992
hsa-miR-27b-3p,2995
hsa-miR-1229-3p,6089
hsa-miR-885-5p,15
hsa-miR-224-3p,5757
hsa-miR-151a-5p,455658
hsa-miR-411-3p,5793
hsa-miR-1255a,5790
hsa-miR-3651,60750
hsa-miR-486-3p,5288826
hsa-miR-4474-3p,31101
hsa-miR-519a-3p,60838
hsa-miR-1246,119307
hsa-miR-4659b-5p,3229
hsa-let-7d-3p,5310940
hsa-miR-1271-5p,2336
hsa-miR-558,135398735
hsa-miR-505-3p,123631
hsa-miR-425-5p,31703
hsa-miR-575,265237
hsa-miR-936,5310940
hsa-miR-885-3p,89594
hsa-miR-194-5p,2733526
hsa-miR-449b-5p,47318
hsa-miR-4453,445580
hsa-miR-3665,6279
hsa-miR-654-5p,123631
hsa-miR-147a,107985
hsa-miR-448,2995
hsa-miR-877-5p,21633059
hsa-miR-542-5p,2336
hsa-miR-4795-5p,5702198
hsa-miR-135b-5p,42611257
hsa-miR-520e-3p,451668
hsa-miR-103a-3p,14403
hsa-miR-621,446220
hsa-miR-33a-5p,9444
hsa-miR-149-5p,2733526
hsa-miR-575,135398735
hsa-miR-18a-3p,9804992
hsa-miR-574-5p,702
hsa-miR-1973,5280961
hsa-miR-194-3p,9576410
hsa-miR-375-3p,148124
hsa-miR-147a,9444
hsa-miR-449b-5p,216239
hsa-miR-22-5p,5282350
hsa-miR-18a-5p,148124
hsa-miR-31-3p,3220
hsa-miR-300,41867
hsa-miR-7-5p,2375
hsa-miR-4474-3p,4095
hsa-miR-4518,445580
hsa-miR-208a-3p,2336
hsa-miR-593-3p,5394
hsa-miR-124-3p,702
hsa-miR-2355-3p,107985
hsa-miR-633,31101
hsa-miR-3180-5p,5793
hsa-miR-299-3p,5352624
hsa-miR-137-3p,638278
hsa-miR-3606-5p,119104
hsa-miR-99b-3p,10836
hsa-miR-4723-3p,3652
hsa-miR-492,444796
hsa-miR-575,15
hsa-miR-4284,6279
hsa-miR-1225-5p,46843772
hsa-let-7c-5p,5318517
hsa-let-7i-5p,2733526
hsa-miR-431-5p,667639
hsa-miR-1277-3p,446220
hsa-miR-342-3p,5793
hsa-miR-582-3p,60838
hsa-miR-4652-5p,97226
hsa-miR-1827,216239
hsa-miR-412-3p,667639
hsa-miR-485-5p,13089
hsa-miR-140-3p,119104
hsa-miR-29b-1-5p,15939
hsa-miR-3907,46843772
hsa-let-7g-5p,97226
hsa-miR-210-3p,36462
hsa-miR-615-3p,2336
hsa-miR-137-3p,15
hsa-miR-145-5p,444796
hsa-miR-935,5282350
hsa-miR-320a-3p,36462
hsa-miR-711,2375
hsa-miR-3658,24360
hsa-miR-412-3p,6089
hsa-miR-202-5p,5757
hsa-miR-4758-3p,5318517
hsa-miR-611,24288
hsa-miR-214-3p,5790
hsa-miR-15a-5p,135398735
hsa-miR-26a-5p,14403
hsa-miR-330-3p,3564
hsa-miR-532-3p,3028194
hsa-miR-135b-5p,47318
hsa-let-7e-5p,3220
hsa-miR-28-5p,452548
hsa-miR-188-5p,5865
hsa-miR-195-5p,3117
hsa-miR-668-3p,5702198
hsa-miR-34b-3p,123631
hsa-miR-186-5p,162282
hsa-miR-595,54670067
hsa-miR-98-5p,2336
hsa-miR-99b-5p,47725
hsa-miR-222-5p,148124
hsa-miR-374a-5p,2336
hsa-miR-4703-5p,3564
hsa-miR-140-3p,164676
hsa-miR-337-5p,5702198
hsa-miR-568,60700
hsa-miR-191-3p,123596
hsa-miR-181a-3p,47725
hsa-miR-219a-5p,21633059
hsa-miR-371a-5p,5757
hsa-miR-122-5p,446220
hsa-miR-3658,5073
hsa-miR-361-5p,119104
hsa-miR-411-5p,712
hsa-miR-718,21109
hsa-miR-1286,5281708
hsa-miR-197-3p,5978
hsa-miR-595,455658
hsa-miR-15a-5p,216326
hsa-miR-142-3p,11953817
hsa-miR-499a-5p,2733526
hsa-miR-410-5p,89594
hsa-miR-132-3p,2336
hsa-miR-885-3p,5352624
hsa-miR-544a,73581
hsa-miR-15b-3p,135398735
hsa-miR-143-5p,8642
hsa-miR-1469,6013
hsa-miR-1290,1832
hsa-miR-506-3p,2733526
hsa-miR-744-3p,24360
hsa-miR-409-3p,13089
hsa-miR-196a-5p,5281708
hsa-miR-1268a,241
hsa-miR-520f-3p,3229
hsa-miR-28-5p,7222
hsa-miR-302f,14403
hsa-miR-621,36314
hsa-miR-342-5p,60953
hsa-miR-9-5p,114900
hsa-miR-30e-3p,5352624
hsa-miR-25-5p,9949648
hsa-miR-4659b-5p,3902
hsa-miR-30c-2-3p,544
hsa-miR-18b-5p,1175
hsa-miR-518f-3p,13342
hsa-miR-30a-3p,444796
hsa-miR-345-5p,122634
hsa-miR-520a-3p,638278
hsa-miR-518b,4158
hsa-miR-4453,6013
hsa-miR-34b-5p,5394
hsa-miR-892a,5283344
hsa-miR-1252-5p,148124
hsa-miR-1277-3p,4158
hsa-miR-767-3p,3386
hsa-miR-155-5p,5280453
hsa-miR-718,3121
hsa-miR-4777-5p,6089
hsa-miR-4306,446220
hsa-miR-29a-3p,114900
hsa-miR-4633-5p,9576410
hsa-miR-10a-3p,5280795
hsa-miR-365a-3p,5311
hsa-miR-935,445639
hsa-miR-573,784
hsa-miR-410-5p,5994
hsa-miR-3146,31401
hsa-miR-370-3p,13342
hsa-miR-575,5073
hsa-miR-518b,3902
hsa-miR-203b-3p,544
hsa-miR-23b-5p,54670067
hsa-miR-302d-3p,5288209
hsa-miR-142-5p,2578
hsa-miR-4659b-5p,5280448
hsa-miR-3125,2375
hsa-miR-137-3p,445434
hsa-miR-663a,5994
hsa-miR-100-5p,5790
hsa-miR-345-5p,5702198
hsa-miR-3192-5p,9576410
hsa-miR-520h,15939
hsa-miR-134-5p,5329102
hsa-miR-409-5p,3229
hsa-miR-505-3p,73581
hsa-miR-613,5329102
hsa-miR-4729,164676
hsa-miR-19a-3p,148124
hsa-miR-889-5p,3902
hsa-miR-507,3652
hsa-miR-3692-5p,5329102
hsa-miR-526a-5p,5280961
hsa-miR-1271-5p,54670067
hsa-miR-622,10635
hsa-miR-4773,241
hsa-miR-1271-5p,5352624
hsa-miR-4676-5p,148124
hsa-miR-598-5p,46843772
hsa-miR-25-3p,452548
hsa-miR-888-5p,444796
hsa-miR-193a-3p,122634
hsa-miR-210-3p,667639
hsa-miR-490-5p,9547215
hsa-miR-4767,4624
hsa-let-7a-3p,969516
hsa-miR-29c-3p,122634
hsa-miR-874-3p,122634
hsa-miR-374a-5p,9547215
hsa-miR-542-3p,164676
hsa-miR-520c-3p,5352624
hsa-miR-107,10836
hsa-miR-514a-3p,985
hsa-miR-194-3p,11953817
hsa-miR-620,462382
hsa-miR-204-5p,3386
hsa-miR-377-3p,41867
hsa-miR-1304-5p,148124
hsa-miR-519c-5p,451668
hsa-miR-92b-3p,3117
hsa-miR-320d,123596
hsa-miR-4680-3p,2578
hsa-miR-147a,5994
hsa-miR-514a-3p,119104
hsa-miR-544a,5743
hsa-miR-140-3p,3564
hsa-miR-888-5p,2995
hsa-miR-513a-3p,667639
hsa-miR-4474-3p,4158
hsa-miR-28-5p,1832
hsa-miR-183-5p,445434
hsa-miR-644a,5311
hsa-miR-330-5p,216239
hsa-miR-132-3p,5816
hsa-miR-4791,60823
hsa-miR-3152-3p,41867
hsa-miR-1251-5p,241
hsa-miR-3167,3117
hsa-miR-300,9547215
hsa-miR-3152-3p,42611257
hsa-miR-199b-5p,24497
hsa-miR-1973,4624
hsa-miR-550a-3p,455658
hsa-miR-371a-5p,9576410
hsa-miR-515-5p,54670067
hsa-miR-106b-3p,3028194
hsa-miR-10b-5p,9804992
hsa-miR-10b-3p,36462
hsa-miR-508-3p,10635
hsa-miR-3663-3p,36462
hsa-miR-181c-5p,2995
hsa-miR-329-3p,3229
hsa-miR-1283,1175
hsa-miR-143-3p,3117
hsa-miR-576-5p,5284373
hsa-miR-3651,89594
hsa-miR-3163,444795
hsa-miR-18b-5p,31401
hsa-miR-34a-5p,9949648
hsa-miR-331-3p,544
hsa-miR-518c-3p,5790
hsa-miR-3974,9949648
hsa-miR-135a-3p,969516
hsa-miR-518a-5p,6623
hsa-miR-526b-5p,445639
hsa-miR-601,5222465
hsa-miR-611,5702198
hsa-miR-375-3p,445639
hsa-miR-15b-3p,5288826
hsa-miR-326,229455
hsa-miR-296-5p,5978
hsa-miR-513b-5p,5280795
hsa-miR-4652-5p,3220
hsa-miR-32-5p,5757
hsa-miR-3692-5p,455658
hsa-miR-92a-2-5p,5283344
hsa-miR-4475,8642
hsa-miR-203b-3p,445639
hsa-miR-210-3p,444797
hsa-miR-598-5p,6279
hsa-miR-361-3p,3028194
hsa-miR-339-3p,1832
hsa-miR-4727-3p,60852
hsa-miR-603,3229
hsa-miR-3149,72304
hsa-miR-193b-3p,5284373
hsa-miR-222-3p,23973
hsa-miR-887-5p,5994
hsa-miR-4778-5p,452548
hsa-miR-1291,15625
hsa-miR-95-5p,4158
hsa-miR-124-5p,107985
hsa-miR-550a-5p,31703
hsa-miR-497-5p,119307
hsa-miR-4460,6013
hsa-miR-33a-5p,31101
hsa-miR-17-5p,3028194
hsa-miR-647,5790
hsa-miR-133b,164676
hsa-miR-141-3p,4158
hsa-miR-892a,24497
hsa-miR-337-5p,3229
hsa-miR-4652-5p,5280961
hsa-miR-612,4095
hsa-miR-34a-5p,784
hsa-miR-422a,31101
hsa-miR-296-5p,11953817
hsa-miR-1238-3p,5702198
hsa-miR-494-3p,462382
hsa-miR-101-3p,5280448
hsa-miR-376c-3p,229455
hsa-miR-31-3p,229455
hsa-miR-361-3p,445434
hsa-miR-365a-3p,5281708
hsa-miR-223-3p,13089
hsa-miR-124-5p,162282
hsa-miR-124-5p,241
hsa-miR-216a-5p,5702198
hsa-miR-200a-3p,5352624
hsa-let-7b-3p,5352624
hsa-miR-557,5790
hsa-miR-509-3p,3386
hsa-miR-502-3p,5280795
hsa-let-7g-3p,712
hsa-miR-891a-5p,13089
hsa-miR-411-5p,60823
hsa-miR-641,241
hsa-miR-196a-5p,24288
hsa-miR-205-5p,5790
hsa-miR-4639-5p,5222465
hsa-miR-204-5p,36462
hsa-miR-29a-5p,2375
hsa-miR-370-3p,5283344
hsa-miR-556-5p,444797
hsa-miR-542-5p,5310940
hsa-miR-612,3902
hsa-miR-1290,5743
hsa-miR-34c-3p,5329102
hsa-miR-516a-3p,5280453
hsa-miR-4700-5p,216239
hsa-miR-3658,5280448
hsa-miR-549a-3p,42611257
hsa-miR-758-3p,387447
hsa-miR-338-3p,451668
hsa-miR-411-5p,9804992
hsa-miR-500a-5p,46843772
hsa-miR-1-3p,162282
hsa-miR-18a-3p,5757
hsa-miR-147a,15
hsa-miR-302c-3p,122634
hsa-miR-561-3p,14403
hsa-miR-190b-5p,6623
hsa-miR-4453,9576410
hsa-miR-376a-3p,60838
hsa-miR-124-5p,9444
hsa-miR-520f-3p,2662
hsa-miR-218-5p,24360
hsa-miR-1268a,21109
hsa-miR-936,6089
hsa-miR-625-5p,46843772
hsa-miR-125b-5p,107985
hsa-miR-449b-5p,5280795
hsa-miR-512-5p,60838
hsa-miR-299-5p,4212
hsa-miR-650,5281708
hsa-miR-1228-3p,3229
hsa-miR-135a-3p,91466
hsa-miR-570-3p,46843772
hsa-miR-222-3p,4158
hsa-miR-652-3p,985
hsa-miR-3659,444796
hsa-miR-595,3028194
hsa-miR-1912-3p,448537
hsa-miR-1469,445434
hsa-miR-199b-5p,455658
hsa-miR-2117,162282
hsa-miR-3614-3p,5280453
hsa-miR-342-5p,2733526
hsa-miR-216b-5p,148124
hsa-miR-105-5p,2336
hsa-miR-24-3p,6623
hsa-miR-181a-3p,4212
hsa-miR-708-5p,53232
hsa-miR-4745-5p,14888
hsa-miR-4735-3p,2733526
hsa-miR-429,4095
hsa-miR-940,5283344
hsa-miR-515-3p,31101
hsa-miR-19b-3p,164676
hsa-miR-3651,14888
hsa-miR-140-3p,107985
hsa-miR-99a-5p,3071
hsa-miR-33a-5p,36462
hsa-miR-300,14403
hsa-miR-3682-3p,60700
hsa-miR-3651,445434
hsa-miR-518a-5p,444732
hsa-miR-99b-3p,2578
hsa-miR-301a-3p,265237
hsa-miR-320c,444797
hsa-miR-135a-3p,5311
hsa-miR-1283,72304
hsa-miR-645,135398735
hsa-miR-4450,5702198
hsa-miR-520c-3p,4091
hsa-miR-4767,5310940
hsa-miR-3940-3p,91466
hsa-miR-518e-3p,5394
hsa-miR-652-3p,46843772
hsa-miR-3658,6013
hsa-miR-520c-3p,969516
hsa-miR-503-5p,148124
hsa-miR-4716-3p,164676
hsa-miR-877-5p,5288826
hsa-miR-518f-3p,5284373
hsa-miR-92a-2-5p,444797
hsa-miR-4509,446220
hsa-miR-152-3p,2733526
hsa-miR-105-5p,544
hsa-miR-492,5865
hsa-miR-658,265237
hsa-miR-188-3p,15939
hsa-miR-4428,5865
hsa-miR-501-5p,445154
hsa-miR-1268a,24497
hsa-miR-10b-5p,460612
hsa-miR-4720-3p,2733526
hsa-miR-370-3p,5288826
hsa-miR-367-3p,11953817
hsa-miR-144-3p,2995
hsa-miR-1251-5p,544
hsa-miR-19b-3p,5743
hsa-miR-193b-5p,5283344
hsa-miR-4476,2336
hsa-miR-17-5p,31101
hsa-miR-641,265237
hsa-miR-450b-5p,21109
hsa-miR-216a-5p,702
hsa-miR-27a-3p,91466
hsa-miR-130b-3p,11953817
hsa-miR-335-5p,5310940
hsa-miR-30a-3p,21633059
hsa-miR-181a-3p,3229
hsa-miR-376a-3p,1175
hsa-miR-4257,4212
hsa-miR-583,445580
hsa-miR-218-5p,638278
hsa-miR-23a-5p,5288209
hsa-miR-17-3p,9547215
hsa-miR-151a-3p,444795
hsa-miR-153-3p,5994
hsa-miR-144-3p,446220
hsa-miR-549a-3p,148124
hsa-miR-4470,387447
hsa-miR-300,229455
hsa-miR-150-3p,135398735
hsa-miR-10a-5p,4095
hsa-miR-183-3p,3902
hsa-miR-3167,6623
hsa-miR-216b-5p,445580
hsa-miR-30e-3p,5757
hsa-miR-553,6089
hsa-miR-199a-3p,24360
hsa-miR-103a-3p,638278
hsa-miR-199a-3p,5311
hsa-miR-4271,462382
hsa-miR-4476,10836
hsa-miR-144-3p,123631
hsa-miR-10b-5p,164676
hsa-miR-1251-5p,3652
hsa-miR-3133,5743
hsa-miR-4768-5p,3652
hsa-miR-770-5p,460612
hsa-miR-448,3220
hsa-miR-30c-1-3p,5222465
hsa-miR-572,3071
hsa-miR-632,21633059
hsa-miR-633,10635
hsa-miR-155-5p,53232
hsa-miR-493-3p,5702198
hsa-miR-302a-3p,24360
hsa-miR-26a-5p,5757
hsa-miR-548c-5p,23973
hsa-miR-630,460612
hsa-miR-301a-3p,15
hsa-miR-423-5p,2662
hsa-miR-4720-3p,4095
hsa-miR-597-5p,60953
hsa-miR-630,21109
hsa-miR-589-3p,4091
hsa-miR-130b-3p,3902
hsa-miR-363-3p,638278
hsa-miR-620,446220
hsa-miR-33b-5p,5329102
hsa-miR-371a-5p,3071
hsa-miR-892b,10635
hsa-miR-519a-3p,47725
hsa-miR-607,162282
hsa-miR-378a-5p,5318517
hsa-miR-520a-3p,97226
hsa-miR-199a-5p,462382
hsa-miR-555,15939
hsa-miR-503-5p,36462
hsa-miR-92a-3p,46843772
hsa-miR-214-3p,6013
hsa-miR-493-3p,2662
hsa-miR-379-5p,265237
hsa-miR-500a-5p,444797
hsa-miR-190b-5p,3902
hsa-miR-4428,6623
hsa-miR-542-5p,5816
hsa-miR-23b-5p,5816
hsa-miR-518b,9576410
hsa-miR-374b-3p,2733526
hsa-miR-202-3p,5865
hsa-miR-454-5p,5790
hsa-miR-1972,702
hsa-miR-551a,5288826
hsa-miR-607,2733526
hsa-miR-374b-5p,6279
hsa-miR-4476,5282350
hsa-miR-574-3p,31703
hsa-miR-769-5p,216326
hsa-miR-892b,123631
hsa-miR-652-3p,5757
hsa-miR-1228-3p,5222465
hsa-miR-555,2336
hsa-miR-532-3p,9576410
hsa-miR-483-3p,123596
hsa-miR-183-3p,31401
hsa-miR-4797-5p,5743
hsa-miR-653-5p,60750
hsa-miR-370-3p,5280961
hsa-miR-23a-3p,15
hsa-miR-519c-5p,2578
hsa-miR-4768-5p,3220
hsa-miR-1252-5p,9444
hsa-miR-629-3p,42611257
hsa-miR-106b-3p,241
hsa-miR-579-3p,119307
hsa-miR-583,969516
hsa-miR-18a-5p,10635
hsa-miR-516b-5p,3121
hsa-miR-551a,31101
hsa-miR-487b-3p,387447
hsa-miR-302f,5222465
hsa-miR-196a-5p,60852
hsa-miR-381-3p,4212
hsa-miR-555,23973
hsa-let-7i-5p,216239
hsa-miR-645,6013
hsa-miR-29b-1-5p,5311
hsa-miR-4791,3028194
hsa-miR-367-3p,148124
hsa-miR-101-3p,46843772
hsa-miR-550a-3p,5283344
hsa-miR-422a,107985
hsa-miR-576-5p,15625
hsa-miR-877-5p,24497
hsa-miR-3668,7222
hsa-miR-586,455658
hsa-miR-498-5p,60750
hsa-miR-660-5p,31101
hsa-miR-450a-5p,72304
hsa-miR-4703-5p,119104
hsa-miR-346,14888
hsa-miR-193b-3p,5288826
hsa-miR-4474-3p,97226
hsa-miR-525-5p,387447
hsa-miR-326,6089
hsa-miR-1271-5p,60852
hsa-miR-518c-3p,3564
hsa-miR-608,452548
hsa-miR-371a-3p,445580
hsa-miR-380-5p,784
hsa-miR-23b-5p,36462
hsa-miR-196a-5p,60823
hsa-miR-486-5p,31101
hsa-miR-551a,2375
hsa-miR-4716-3p,638278
hsa-miR-203a-3p,162282
hsa-miR-146b-5p,5280961
hsa-miR-647,31101
hsa-miR-138-2-3p,3229
hsa-miR-129-5p,4091
hsa-miR-4768-5p,5288826
hsa-miR-1286,445434
hsa-miR-10b-3p,265237
hsa-miR-133a-3p,15
hsa-miR-1227-3p,3071
hsa-miR-627-5p,24288
hsa-miR-518f-3p,2733526
hsa-miR-542-3p,60823
hsa-miR-4464,3229
hsa-miR-186-5p,72304
hsa-miR-193a-3p,455658
hsa-miR-608,5311
hsa-miR-369-3p,462382
hsa-miR-2116-3p,5743
hsa-miR-520e-3p,638278
hsa-miR-365a-3p,89594
hsa-miR-935,446220
hsa-miR-551b-3p,446220
hsa-miR-199b-3p,2733526
hsa-miR-4796-3p,31101
hsa-miR-579-3p,444732
hsa-miR-523-3p,4624
hsa-miR-655-3p,5702198
hsa-miR-891a-5p,216239
hsa-miR-621,10635
hsa-miR-561-3p,123631
hsa-miR-1973,9804992
hsa-miR-544a,702
hsa-miR-186-3p,387447
hsa-miR-1251-5p,119307
hsa-miR-2355-3p,2336
hsa-miR-183-5p,6013
hsa-miR-519d-3p,31401
hsa-miR-423-5p,3121
hsa-miR-10b-3p,3564
hsa-miR-3974,10836
hsa-miR-181a-2-3p,2375
hsa-miR-4703-5p,5311
hsa-miR-4779,31703
hsa-miR-200a-3p,9444
hsa-miR-891a-5p,10635
hsa-miR-137-3p,3071
hsa-miR-490-3p,638278
hsa-miR-29b-3p,15625
hsa-let-7d-5p,6279
hsa-miR-369-3p,6623
hsa-miR-1912-3p,460612
hsa-miR-4470,60700
hsa-miR-1972,445434
hsa-miR-130a-3p,4091
hsa-miR-298,667639
hsa-miR-502-3p,21633059
hsa-miR-185-5p,5288209
hsa-miR-362-3p,452548
hsa-miR-4745-5p,445639
hsa-miR-625-3p,24288
hsa-miR-378i,5281708
hsa-miR-133b,5743
hsa-miR-590-5p,60852
hsa-miR-4453,638278
hsa-miR-185-5p,54670067
hsa-miR-1271-5p,444795
hsa-miR-663a,15939
hsa-miR-142-5p,8642
hsa-miR-215-5p,54670067
hsa-let-7a-3p,47725
hsa-miR-1277-3p,41867
hsa-miR-29b-3p,5978
hsa-miR-4796-3p,7222
hsa-miR-520h,47318
hsa-miR-549a-3p,5073
hsa-miR-487a-3p,13089
hsa-miR-522-3p,969516
hsa-miR-659-3p,60852
hsa-miR-644a,452548
hsa-miR-1972,14403
hsa-miR-342-5p,5280453
hsa-miR-513a-5p,5280453
hsa-miR-101-3p,6279
hsa-miR-3192-5p,23973
hsa-miR-33a-5p,5318517
hsa-miR-607,7222
hsa-let-7d-5p,60953
hsa-miR-454-5p,6279
hsa-miR-147a,5281708
hsa-miR-4777-5p,5280448
hsa-miR-17-5p,5280961
hsa-miR-509-5p,36462
hsa-miR-532-3p,1175
hsa-miR-412-3p,445154
hsa-miR-149-5p,119104
hsa-miR-152-3p,24497
hsa-miR-1207-5p,9547215
hsa-miR-379-5p,72304
hsa-miR-1226-5p,107985
hsa-miR-300,123631
hsa-miR-1262,444732
hsa-miR-4450,5318517
hsa-miR-671-5p,455658
hsa-miR-106b-3p,123596
hsa-miR-2355-3p,5318517
hsa-miR-20b-5p,5865
hsa-miR-4464,91466
hsa-miR-323a-5p,5816
hsa-miR-3614-3p,5282350
hsa-miR-518c-3p,5329102
hsa-miR-199b-5p,97226
hsa-miR-574-3p,14888
hsa-miR-653-5p,460612
hsa-miR-877-3p,14888
hsa-miR-525-3p,5394
hsa-miR-4700-5p,460612
hsa-miR-607,5073
hsa-let-7g-3p,241
hsa-miR-34a-5p,1175
hsa-miR-3648,73581
hsa-miR-337-5p,15
hsa-miR-550a-5p,3652
hsa-miR-32-3p,216239
hsa-miR-20b-5p,89594
hsa-miR-138-5p,14403
hsa-miR-769-5p,60953
hsa-miR-4327,6089
hsa-miR-24-1-5p,23973
hsa-miR-199a-5p,119104
hsa-miR-149-3p,3220
hsa-miR-181b-5p,2995
hsa-miR-203a-3p,1175
hsa-miR-584-5p,31101
hsa-miR-671-5p,91466
hsa-miR-489-5p,5288209
hsa-miR-127-3p,5394
hsa-miR-654-3p,46843772
hsa-miR-2116-3p,60953
hsa-miR-487b-3p,5865
hsa-miR-33b-5p,2336
hsa-miR-337-3p,5394
hsa-miR-96-5p,3385
hsa-miR-543,2578
hsa-miR-1290,11953817
hsa-miR-515-5p,9547215
hsa-miR-4306,10836
hsa-miR-548b-5p,444732
hsa-miR-193a-5p,446220
hsa-miR-27b-3p,3229
hsa-miR-765,36314
hsa-miR-431-5p,444797
hsa-miR-149-3p,6623
hsa-miR-921,9547215
hsa-miR-524-5p,11953817
hsa-miR-122-5p,119104
hsa-miR-122-5p,3071
hsa-miR-222-5p,31401
hsa-miR-30b-5p,444797
hsa-miR-199a-5p,13089
hsa-miR-758-3p,5283344
hsa-miR-210-3p,444732
hsa-miR-629-3p,444797
hsa-miR-361-5p,47725
hsa-miR-4270,5757
hsa-miR-548f-5p,4095
hsa-miR-132-3p,162282
hsa-miR-125b-5p,73581
hsa-miR-146a-5p,6013
hsa-miR-645,9547215
hsa-miR-16-5p,24288
hsa-miR-106b-3p,5280448
hsa-miR-1229-3p,445434
hsa-miR-330-3p,60838
hsa-miR-23a-5p,5318517
hsa-miR-744-3p,6623
hsa-miR-3648,36462
hsa-miR-935,8642
hsa-miR-545-3p,89594
hsa-let-7i-5p,6279
hsa-miR-365a-3p,1832
hsa-miR-106a-5p,119104
hsa-miR-3153,73581
hsa-miR-543,2662
hsa-miR-4773,21109
hsa-miR-515-3p,36314
hsa-miR-4475,122634
hsa-miR-493-3p,9576410
hsa-miR-101-3p,14403
hsa-miR-24-3p,5281708
hsa-miR-424-5p,442793
hsa-miR-21-5p,15625
hsa-miR-34b-3p,9444
hsa-miR-4668-5p,2578
hsa-miR-208a-3p,54670067
hsa-miR-4504,5284373
hsa-miR-24-3p,241
hsa-miR-576-5p,455658
hsa-miR-551a,3028194
hsa-miR-4759,36314
hsa-miR-199b-5p,91466
hsa-miR-221-3p,123631
hsa-miR-22-5p,2336
hsa-miR-877-3p,702
hsa-miR-501-5p,4624
hsa-miR-376a-3p,3071
hsa-miR-518d-5p,445434
hsa-miR-92a-1-5p,53232
hsa-miR-877-5p,5790
hsa-miR-3665,3902
hsa-miR-4639-5p,31401
hsa-miR-191-3p,448537
hsa-miR-129-5p,15939
hsa-miR-202-3p,24360
hsa-miR-24-3p,5282350
hsa-miR-499a-5p,5311
hsa-miR-938,444732
hsa-miR-485-5p,3564
hsa-miR-1262,5311
hsa-miR-1469,445154
hsa-miR-625-3p,265237
hsa-miR-92a-1-5p,9576410
hsa-miR-766-3p,15625
hsa-miR-133b,5318517
hsa-miR-424-5p,5310940
hsa-miR-302c-3p,5284373
hsa-miR-503-5p,3652
hsa-miR-151a-5p,451668
hsa-miR-1277-3p,2336
hsa-miR-4271,11953817
hsa-miR-1267,148124
hsa-miR-448,445639
hsa-miR-4732-5p,73581
hsa-miR-122-5p,97226
hsa-miR-187-3p,123596
hsa-miR-26b-5p,5865
hsa-miR-140-5p,5310940
hsa-miR-221-3p,5311
hsa-miR-1268a,1832
hsa-miR-515-3p,445434
hsa-miR-199b-5p,9804992
hsa-miR-650,5352624
hsa-miR-202-5p,24497
hsa-miR-186-5p,445639
hsa-miR-574-3p,6279
hsa-miR-371a-3p,2662
hsa-miR-513a-5p,5222465
hsa-miR-149-3p,119307
hsa-miR-3940-3p,119104
hsa-miR-96-5p,3652
hsa-miR-27a-5p,24360
hsa-miR-193a-5p,41867
hsa-miR-1181,24288
hsa-miR-1260a,460612
hsa-miR-647,5352624
hsa-miR-582-5p,3220
hsa-miR-193a-5p,148124
hsa-miR-576-3p,3220
hsa-miR-371a-5p,5394
hsa-miR-593-3p,216326
hsa-miR-939-5p,5994
hsa-miR-210-3p,31101
hsa-miR-512-5p,544
hsa-miR-1290,6089
hsa-miR-629-5p,5329102
hsa-miR-3658,21633059
hsa-miR-149-5p,24288
hsa-miR-323a-3p,5793
hsa-miR-208a-3p,60953
hsa-miR-4797-5p,13089
hsa-let-7d-3p,60852
hsa-miR-183-3p,2578
hsa-miR-521,455658
hsa-miR-506-3p,3220
hsa-miR-300,5073
hsa-miR-125a-3p,229455
hsa-miR-219a-5p,387447
hsa-miR-335-3p,9444
hsa-miR-3907,148124
hsa-miR-203a-3p,9547215
hsa-let-7i-5p,985
hsa-miR-1228-3p,15939
hsa-miR-211-5p,5288826
hsa-miR-597-5p,2995
hsa-miR-3614-3p,164676
hsa-miR-590-5p,667639
hsa-miR-4720-3p,5329102
hsa-miR-432-5p,36314
hsa-miR-4270,5310940
hsa-miR-206,5073
hsa-miR-4327,6013
hsa-miR-328-3p,9804992
hsa-miR-181b-5p,5790
hsa-miR-30c-1-3p,2733526
hsa-miR-1290,14403
hsa-miR-126-5p,31101
hsa-miR-101-5p,5329102
hsa-miR-3658,444797
hsa-miR-767-3p,265237
hsa-miR-499a-5p,969516
hsa-miR-320c,3071
hsa-miR-3914,446220
hsa-miR-338-3p,72304
hsa-miR-608,2375
hsa-miR-938,2336
hsa-miR-335-3p,21109
hsa-miR-298,5352624
hsa-miR-513a-3p,3071
hsa-miR-452-5p,3386
hsa-miR-92a-2-5p,387447
hsa-miR-625-3p,72304
hsa-miR-34a-3p,5284373
hsa-miR-323a-5p,91466
hsa-miR-30d-5p,2995
hsa-miR-4674,985
hsa-miR-215-5p,442793
hsa-miR-24-3p,229455
hsa-miR-380-5p,5865
hsa-miR-17-5p,10635
hsa-miR-433-5p,5311
hsa-miR-204-5p,1832
hsa-miR-30b-5p,97226
hsa-miR-4678,54670067
hsa-miR-181a-2-3p,229455
hsa-miR-148b-3p,985
hsa-miR-4703-5p,2662
hsa-miR-144-3p,162282
hsa-miR-330-5p,5280453
hsa-miR-140-5p,21109
hsa-miR-24-1-5p,462382
hsa-miR-146a-5p,24360
hsa-miR-1225-5p,60953
hsa-miR-4779,7222
hsa-miR-4791,455658
hsa-miR-22-5p,114900
hsa-miR-1291,544
hsa-miR-124-5p,3229
hsa-miR-4257,14888
hsa-miR-383-5p,448537
hsa-miR-4773,216326
hsa-miR-3606-5p,5281708
hsa-miR-299-5p,36314
hsa-miR-363-3p,446220
hsa-miR-7-5p,702
hsa-miR-187-3p,5318517
hsa-miR-30e-3p,10836
hsa-miR-331-3p,60852
hsa-miR-92a-3p,60700
hsa-miR-302a-3p,216326
hsa-miR-369-3p,784
hsa-miR-27b-5p,47318
hsa-miR-4758-3p,229455
hsa-miR-3914,21109
hsa-miR-2116-5p,14403
hsa-miR-1277-3p,784
hsa-miR-129-2-3p,5222465
hsa-miR-758-3p,5757
hsa-miR-630,11953817
hsa-miR-4257,119104
hsa-miR-15b-3p,5284373
hsa-miR-4778-5p,445154
hsa-miR-193a-3p,702
hsa-miR-30e-3p,3121
hsa-miR-132-3p,5318517
hsa-miR-18a-3p,23973
hsa-miR-595,47318
hsa-miR-147a,47725
hsa-miR-203b-3p,14403
hsa-miR-373-5p,89594
hsa-miR-326,14888
hsa-miR-559,13089
hsa-miR-532-5p,6013
hsa-miR-34a-5p,5280453
hsa-miR-885-5p,452548
hsa-miR-450a-5p,5310940
hsa-miR-520e-3p,1175
hsa-miR-3614-3p,36314
hsa-miR-18b-5p,21633059
hsa-miR-4639-5p,89594
hsa-miR-542-3p,9804992
hsa-miR-371a-5p,5318517
hsa-miR-4659b-5p,91466
hsa-miR-3945,455658
hsa-miR-130a-3p,97226
hsa-miR-34b-5p,91466
hsa-miR-3149,6623
hsa-miR-550a-5p,5757
hsa-miR-504-5p,265237
hsa-miR-711,4624
hsa-miR-613,5318517
hsa-miR-29c-3p,8642
hsa-miR-519a-3p,5757
hsa-miR-508-3p,15939
hsa-miR-129-2-3p,3386
hsa-miR-3914,3652
hsa-miR-142-3p,445434
hsa-miR-424-5p,445154
hsa-miR-376c-3p,445434
hsa-miR-222-5p,265237
hsa-miR-423-5p,3220
hsa-miR-323b-5p,13342
hsa-miR-520a-3p,8642
hsa-miR-4668-5p,36314
hsa-miR-885-3p,60852
hsa-miR-513a-5p,444796
hsa-miR-374b-3p,444795
hsa-miR-224-3p,3386
hsa-miR-638,444797
hsa-miR-520a-3p,60953
hsa-miR-3167,9949648
hsa-miR-212-3p,60700
hsa-miR-342-3p,460612
hsa-miR-206,442793
hsa-miR-424-5p,216239
hsa-miR-4703-5p,216326
hsa-miR-647,60838
hsa-miR-367-3p,6013
hsa-miR-4703-5p,123596
hsa-miR-504-5p,5280961
hsa-miR-936,15939
hsa-miR-503-5p,5222465
hsa-miR-668-3p,229455
hsa-miR-625-3p,216239
hsa-miR-135b-5p,544
hsa-miR-154-5p,5816
hsa-miR-18a-3p,784
hsa-miR-877-3p,72304
hsa-miR-215-5p,3652
hsa-miR-223-3p,3229
hsa-miR-337-5p,1175
hsa-miR-107,148124
hsa-miR-128-3p,13089
hsa-miR-27b-5p,114900
hsa-miR-205-5p,6089
hsa-miR-22-5p,5288209
hsa-miR-199a-3p,60700
hsa-miR-302f,969516
hsa-let-7g-3p,23973
hsa-miR-518f-3p,6279
hsa-miR-125a-5p,445434
hsa-miR-24-1-5p,53232
hsa-miR-181a-3p,11953817
hsa-miR-150-5p,455658
hsa-miR-632,60852
hsa-miR-574-5p,5816
hsa-miR-222-3p,13342
hsa-miR-320c,442793
hsa-miR-340-5p,3564
hsa-miR-488-3p,5280961
hsa-miR-361-3p,5816
hsa-miR-153-3p,6089
hsa-miR-921,6279
hsa-miR-151a-5p,114900
hsa-miR-518a-3p,11953817
hsa-miR-431-5p,9949648
hsa-miR-2116-3p,3229
hsa-miR-515-3p,216239
hsa-miR-122-5p,455658
hsa-miR-1251-5p,462382
hsa-miR-25-3p,6089
hsa-miR-4678,10836
hsa-miR-570-3p,135398735
hsa-miR-597-5p,11953817
hsa-miR-133a-3p,445639
hsa-miR-766-3p,24497
hsa-miR-516a-3p,9576410
hsa-miR-542-5p,5311
hsa-miR-1260b,2662
hsa-miR-620,5790
hsa-miR-617,3220
hsa-miR-651-5p,123596
hsa-miR-296-3p,241
hsa-miR-1304-5p,3902
hsa-miR-450a-5p,2375
hsa-miR-770-5p,15625
hsa-miR-106b-3p,14403
hsa-miR-296-3p,5865
hsa-miR-203a-3p,2733526
hsa-miR-34a-3p,448537
hsa-miR-671-5p,638278
hsa-miR-194-3p,135398735
hsa-miR-769-5p,3121
hsa-miR-597-5p,5073
hsa-miR-29b-1-5p,4091
hsa-miR-448,442793
hsa-miR-3192-5p,60750
hsa-miR-630,445639
hsa-miR-302a-3p,4624
hsa-miR-151a-5p,4091
hsa-miR-518c-3p,5280961
hsa-miR-4652-5p,5280448
hsa-miR-589-3p,60852
hsa-miR-4745-5p,1832
hsa-miR-30d-5p,31703
hsa-miR-506-3p,241
hsa-miR-586,5329102
hsa-miR-4680-3p,985
hsa-miR-3614-3p,444732
hsa-miR-671-5p,148124
hsa-miR-18b-5p,2995
hsa-miR-4735-3p,5288826
hsa-miR-191-5p,36314
hsa-miR-1246,5280961
hsa-miR-126-5p,444796
hsa-miR-424-5p,544
hsa-miR-138-5p,60953
hsa-miR-1226-5p,15
hsa-miR-2355-3p,15939
hsa-miR-515-5p,985
hsa-miR-24-3p,265237
hsa-miR-4475,5318517
hsa-miR-644a,3229
hsa-miR-548b-3p,31401
hsa-miR-1227-3p,444732
hsa-miR-106a-5p,460612
hsa-miR-642a-5p,3902
hsa-miR-150-5p,5978
hsa-miR-892a,3652
hsa-miR-196b-5p,60823
hsa-miR-603,107985
hsa-miR-589-3p,444795
hsa-miR-99b-5p,10836
hsa-miR-154-5p,60700
hsa-miR-298,4095
hsa-let-7d-5p,3071
hsa-miR-651-5p,446220
hsa-miR-122-5p,5283344
hsa-miR-582-5p,11953817
hsa-miR-330-3p,5994
hsa-miR-320c,3564
hsa-miR-127-5p,24497
hsa-miR-1912-3p,15
hsa-miR-874-3p,444796
hsa-miR-936,60838
hsa-miR-581,462382
hsa-miR-186-3p,10635
hsa-miR-671-5p,97226
hsa-miR-361-3p,21633059
hsa-miR-326,73581
hsa-miR-485-5p,446220
hsa-miR-141-3p,5283344
hsa-miR-4635,446220
hsa-miR-3192-5p,455658
hsa-miR-139-5p,2336
hsa-miR-539-5p,13342
hsa-miR-657,444796
hsa-miR-650,72304
hsa-miR-625-5p,387447
hsa-miR-27b-3p,5283344
hsa-miR-96-5p,162282
hsa-miR-1256,54670067
hsa-miR-363-5p,216326
hsa-miR-2116-5p,46843772
hsa-miR-4700-5p,47725
hsa-miR-193a-3p,8642
hsa-miR-342-3p,3652
hsa-miR-603,444796
hsa-miR-512-3p,5994
hsa-miR-328-3p,5318517
hsa-miR-412-3p,3386
hsa-miR-4633-5p,119104
hsa-miR-556-5p,5280448
hsa-miR-122b-5p,5793
hsa-miR-3648,5329102
hsa-miR-18b-3p,3121
hsa-miR-98-5p,13089
hsa-miR-525-3p,21109
hsa-miR-539-5p,444797
hsa-miR-106a-5p,985
hsa-miR-361-3p,8642
hsa-miR-4659b-5p,36314
hsa-miR-1972,544
hsa-miR-377-3p,5329102
hsa-miR-133a-3p,5329102
hsa-miR-423-5p,5743
hsa-miR-4732-5p,107985
hsa-miR-330-3p,3229
hsa-miR-29b-1-5p,985
hsa-miR-548f-5p,9547215
hsa-miR-1260a,14888
hsa-miR-614,5284373
hsa-miR-718,5280795
hsa-miR-151a-3p,21109
hsa-miR-885-3p,3229
hsa-miR-1207-5p,13342
hsa-miR-576-5p,5394
hsa-miR-1-3p,442793
hsa-miR-515-3p,444732
hsa-miR-27a-5p,119307
hsa-miR-4693-5p,5283344
hsa-miR-139-3p,9547215
hsa-miR-23b-3p,4158
hsa-miR-625-5p,60838
hsa-miR-33a-5p,122634
hsa-miR-128-3p,446220
hsa-let-7g-5p,444797
hsa-miR-590-3p,3902
hsa-miR-92a-2-5p,13089
hsa-let-7b-5p,5288826
hsa-miR-523-3p,162282
hsa-miR-21-3p,446220
hsa-miR-2052,3117
hsa-miR-520h,24288
hsa-miR-378a-3p,5310940
hsa-miR-607,5757
hsa-miR-383-5p,5282350
hsa-miR-545-3p,4212
hsa-miR-152-3p,54670067
hsa-miR-548b-5p,60953
hsa-miR-607,5816
hsa-miR-548f-5p,53232
hsa-miR-99b-5p,5281708
hsa-miR-4791,5743
hsa-miR-520h,47725
hsa-miR-1262,444797
hsa-miR-636,36462
hsa-miR-99b-5p,9949648
hsa-miR-125b-5p,5743
hsa-miR-4729,5329102
hsa-miR-27b-3p,5281708
hsa-miR-3134,9444
hsa-miR-376c-3p,46843772
hsa-miR-1246,3117
hsa-miR-520h,3220
hsa-miR-4693-5p,445154
hsa-miR-370-3p,5222465
hsa-miR-1260a,24288
hsa-miR-3149,387447
hsa-miR-20a-5p,89594
hsa-miR-30c-2-3p,5282350
hsa-miR-3658,3071
hsa-miR-492,969516
hsa-miR-561-3p,5281708
hsa-miR-4772-5p,5280961
hsa-miR-520a-3p,2578
hsa-miR-1256,23973
hsa-miR-598-5p,162282
hsa-miR-3153,5280795
hsa-miR-573,36314
hsa-miR-134-5p,46843772
hsa-miR-622,148124
hsa-miR-153-3p,6623
hsa-miR-135b-5p,91466
hsa-miR-18a-5p,5311
hsa-miR-641,2662
hsa-miR-383-5p,3652
hsa-miR-371a-3p,4624
hsa-miR-30c-1-3p,5284373
hsa-miR-3663-3p,455658
hsa-miR-29b-1-5p,5280961
hsa-miR-422a,2375
hsa-miR-299-3p,5280961
hsa-miR-26b-3p,3229
hsa-miR-1256,24288
hsa-miR-376a-3p,60750
hsa-miR-340-5p,702
hsa-miR-302f,445154
hsa-miR-654-3p,31101
hsa-miR-33b-5p,72304
hsa-miR-18b-3p,123596
hsa-miR-548b-5p,3564
hsa-miR-374b-3p,15625
hsa-miR-346,5352624
hsa-miR-891a-5p,5352624
hsa-miR-525-3p,31401
hsa-miR-1252-5p,107985
hsa-miR-16-1-3p,114900
hsa-miR-494-3p,5282350
hsa-miR-647,2662
hsa-miR-375-3p,445434
hsa-miR-199a-5p,3564
hsa-miR-3606-5p,446220
hsa-miR-3679-5p,47318
hsa-miR-506-3p,216326
hsa-miR-17-5p,135398735
hsa-miR-1252-5p,47318
hsa-miR-4509,72304
hsa-miR-611,445154
hsa-miR-29c-3p,60750
hsa-miR-30c-2-3p,122634
hsa-miR-4765,460612
hsa-miR-486-5p,460612
hsa-miR-888-5p,107985
hsa-miR-3614-3p,702
hsa-miR-520d-3p,3564
hsa-miR-513a-3p,119104
hsa-miR-377-3p,14888
hsa-miR-150-3p,216326
hsa-miR-564,241
hsa-miR-505-3p,60823
hsa-miR-550a-3p,544
hsa-miR-514a-3p,11953817
hsa-miR-664a-3p,442793
hsa-miR-186-3p,444795
hsa-miR-151a-3p,47725
hsa-miR-300,6279
hsa-miR-4758-3p,451668
hsa-miR-19a-3p,31703
hsa-miR-576-3p,46843772
hsa-miR-212-3p,444732
hsa-miR-181a-2-3p,24360
hsa-miR-621,47725
hsa-miR-636,60852
hsa-miR-3153,451668
hsa-miR-550a-3p,3028194
hsa-miR-219a-1-3p,54670067
hsa-miR-137-3p,107985
hsa-miR-4474-3p,15939
hsa-miR-2117,89594
hsa-miR-661,107985
hsa-miR-449b-3p,15625
hsa-miR-22-5p,1832
hsa-miR-758-3p,9444
hsa-miR-422a,5394
hsa-miR-193b-3p,452548
hsa-miR-532-5p,135398735
hsa-miR-1267,667639
hsa-miR-192-5p,5978
hsa-miR-1469,784
hsa-miR-544a,712
hsa-miR-22-5p,5281708
hsa-miR-132-3p,9444
hsa-miR-4257,24497
hsa-miR-4732-5p,5702198
hsa-miR-95-5p,122634
hsa-miR-718,667639
hsa-miR-595,5284373
hsa-miR-29b-1-5p,5284373
hsa-let-7d-5p,148124
hsa-let-7a-3p,119104
hsa-miR-191-5p,97226
hsa-miR-4428,387447
hsa-miR-450b-5p,446220
hsa-miR-758-3p,24360
hsa-miR-206,4158
hsa-miR-553,445580
hsa-miR-542-3p,114900
hsa-miR-154-5p,13089
hsa-miR-3663-3p,5994
hsa-miR-363-3p,445434
hsa-miR-410-5p,216239
hsa-miR-335-5p,60750
hsa-miR-4791,60852
hsa-miR-888-5p,5310940
hsa-miR-345-5p,444732
hsa-miR-412-3p,5288826
hsa-miR-491-5p,445639
hsa-miR-668-3p,123631
hsa-miR-574-5p,14403
hsa-miR-522-3p,9547215
hsa-miR-518c-5p,444797
hsa-miR-222-5p,5073
hsa-miR-28-5p,14888
hsa-miR-4668-5p,15939
hsa-miR-9-3p,60750
hsa-miR-210-3p,123596
hsa-miR-4453,11953817
hsa-miR-34a-5p,455658
hsa-miR-362-3p,53232
hsa-miR-26a-5p,4158
hsa-miR-29b-3p,3071
hsa-miR-613,97226
hsa-miR-613,241
hsa-miR-26a-5p,9547215
hsa-miR-3665,5280961
hsa-miR-4716-3p,21109
hsa-miR-134-5p,460612
hsa-miR-542-5p,162282
hsa-miR-194-5p,3564
hsa-miR-127-3p,446220
hsa-miR-1290,122634
hsa-miR-652-3p,5280961
hsa-miR-29b-3p,229455
hsa-miR-518f-3p,3385
hsa-miR-331-5p,6013
hsa-miR-572,5816
hsa-miR-572,445639
hsa-miR-1246,5310940
hsa-miR-300,135398735
hsa-miR-633,1175
hsa-miR-371a-3p,5702198
hsa-miR-1283,5280453
hsa-miR-188-3p,36314
hsa-miR-196a-5p,784
hsa-miR-556-5p,119307
hsa-miR-758-3p,3071
hsa-miR-4257,5865
hsa-miR-3152-3p,444732
hsa-miR-612,667639
hsa-miR-193b-5p,462382
hsa-miR-150-3p,23973
hsa-miR-365a-3p,544
hsa-miR-597-5p,60838
hsa-miR-516b-5p,36462
hsa-miR-630,60700
hsa-miR-137-3p,985
hsa-miR-451a,8642
hsa-miR-586,6013
hsa-miR-662,5310940
hsa-miR-518c-3p,9949648
hsa-miR-217-5p,5288209
hsa-miR-374a-5p,60838
hsa-miR-4662a-3p,3117
hsa-miR-202-5p,60700
hsa-miR-655-3p,5281708
hsa-miR-34b-5p,448537
hsa-miR-16-1-3p,60700
hsa-miR-3658,544
hsa-miR-125a-5p,47725
hsa-miR-516a-3p,3385
hsa-miR-378i,13342
hsa-miR-195-5p,14888
hsa-miR-507,216239
hsa-miR-26a-5p,135398735
hsa-miR-27a-3p,5793
hsa-miR-140-3p,5280795
hsa-miR-451a,123631
hsa-miR-10b-5p,448537
hsa-miR-574-3p,36314
hsa-miR-296-5p,544
hsa-miR-671-5p,2662
hsa-miR-675-5p,784
hsa-miR-302c-3p,123596
hsa-miR-25-3p,36314
hsa-miR-216a-5p,107985
hsa-miR-4804-5p,53232
hsa-miR-17-5p,2733526
hsa-miR-134-5p,5280961
hsa-miR-612,5793
hsa-miR-2116-3p,13089
hsa-miR-1539,5994
hsa-miR-518e-3p,444795
hsa-miR-1229-3p,5790
hsa-miR-523-3p,3652
hsa-miR-202-3p,2733526
hsa-miR-185-5p,445580
hsa-miR-4271,60953
hsa-miR-612,36462
hsa-miR-299-5p,119307
hsa-miR-221-3p,6089
hsa-miR-337-3p,14403
hsa-miR-1262,2578
hsa-miR-518b,21633059
hsa-miR-369-3p,5284373
hsa-miR-422a,60700
hsa-miR-548d-5p,712
hsa-miR-18a-3p,60750
hsa-miR-34c-3p,444732
hsa-let-7e-5p,9804992
hsa-miR-4306,5288826
hsa-miR-210-3p,442793
hsa-miR-29c-3p,41867
hsa-miR-4777-5p,24288
hsa-miR-378a-5p,216239
hsa-miR-657,5280795
hsa-miR-4633-5p,5222465
hsa-miR-523-3p,2336
hsa-miR-199a-3p,5790
hsa-miR-31-3p,9547215
hsa-miR-550a-3p,13342
hsa-miR-17-5p,9547215
hsa-miR-210-3p,445154
hsa-miR-302d-3p,31101
hsa-miR-210-3p,445434
hsa-miR-3914,24497
hsa-miR-4732-5p,442793
hsa-miR-150-3p,3386
hsa-miR-16-5p,21109
hsa-miR-518a-3p,5994
hsa-miR-30e-5p,6279
hsa-miR-3663-3p,451668
hsa-miR-632,13342
hsa-miR-99a-5p,3117
hsa-miR-34b-5p,4158
hsa-miR-3672,5280453
hsa-let-7i-5p,444732
hsa-miR-18a-5p,5280961
hsa-miR-378i,216326
hsa-miR-1181,122634
hsa-miR-29b-3p,5280448
hsa-miR-138-2-3p,60700
hsa-miR-651-5p,36462
hsa-miR-518c-3p,216239
hsa-miR-186-5p,5743
hsa-miR-4659b-5p,119307
hsa-miR-4676-5p,15
hsa-miR-3662,6089
hsa-miR-152-3p,5288209
hsa-miR-564,445580
hsa-miR-629-3p,2336
hsa-miR-376a-3p,162282
hsa-miR-576-3p,460612
hsa-miR-142-3p,73581
hsa-miR-4768-5p,60700
hsa-miR-874-3p,241
hsa-miR-1238-3p,455658
hsa-miR-4270,1832
hsa-miR-501-5p,10635
hsa-miR-631,3028194
hsa-miR-636,60750
hsa-miR-223-3p,444732
hsa-miR-4732-5p,89594
hsa-miR-579-3p,4624
hsa-miR-107,46843772
hsa-miR-194-3p,8642
hsa-miR-18a-5p,60750
hsa-miR-27a-3p,4624
hsa-miR-559,164676
hsa-miR-145-5p,14403
hsa-miR-521,712
hsa-miR-3152-3p,23973
hsa-miR-96-5p,21109
hsa-miR-4773,9444
hsa-miR-450a-5p,462382
hsa-miR-545-3p,123631
hsa-miR-3914,122634
hsa-miR-621,23973
hsa-miR-378a-5p,2578
hsa-miR-1972,5793
hsa-miR-641,162282
hsa-miR-218-5p,5288209
hsa-miR-1304-5p,216326
hsa-miR-1304-5p,5793
hsa-miR-122-5p,2733526
hsa-miR-20a-5p,4095
hsa-miR-548c-5p,47318
hsa-miR-1207-5p,448537
hsa-miR-548c-3p,36314
hsa-miR-140-3p,31401
hsa-miR-3672,544
hsa-miR-539-5p,2578
hsa-miR-885-5p,444797
hsa-miR-92a-3p,9576410
hsa-miR-29a-5p,6089
hsa-miR-4306,229455
hsa-miR-370-3p,702
hsa-miR-190b-5p,5284373
hsa-miR-144-3p,53232
hsa-miR-655-3p,446220
hsa-miR-3974,3028194
hsa-miR-10a-3p,3220
hsa-miR-875-3p,60953
hsa-miR-1262,5281708
hsa-miR-770-5p,4624
hsa-miR-191-3p,444796
hsa-miR-150-3p,162282
hsa-miR-576-5p,9576410
hsa-miR-149-5p,5288826
hsa-miR-302c-3p,42611257
hsa-miR-499a-5p,462382
hsa-miR-21-3p,54670067
