hsa-miR-3064-5p,104842
hsa-miR-3621,1175
hsa-miR-378c,6041
hsa-miR-1202,445154
hsa-miR-147b-3p,5789
hsa-miR-651-5p,124886
hsa-miR-29a-3p,17754356
hsa-miR-1197,24288
hsa-miR-25-3p,2353
hsa-miR-652-3p,11953817
hsa-miR-4695-3p,3071
hsa-miR-4676-5p,6013
hsa-miR-203b-3p,15939
hsa-miR-4767,14403
hsa-miR-577,36314
hsa-miR-204-5p,65015
hsa-miR-526a-5p,4091
hsa-miR-4448,445154
hsa-mir-196a-2,25227436
mmu-miR-878-3p,14888
hsa-miR-885-5p,14403
hsa-miR-935,4943
hsa-miR-1321,6013
hsa-miR-4426,9576410
hsa-miR-518f-3p,3345
hsa-miR-543,114900
hsa-miR-942-5p,6013
hsa-miR-574-5p,60750
hsa-miR-4706,5073
hsa-miR-4258,6106
hsa-miR-3127-5p,14403
hsa-miR-539-5p,44259
hsa-miR-302f,9949648
hsa-miR-20a-5p,9804992
hsa-miR-635,123596
hsa-miR-2116-3p,1548943
hsa-miR-548f-5p,5997
hsa-miR-548d-5p,123596
hsa-miR-3665,6089
hsa-miR-4465,5311
hsa-miR-19b-1-5p,2375
hsa-miR-410-5p,439530
hsa-miR-675-5p,44259
hsa-miR-92a-3p,28486
hsa-miR-517a-3p,16197265
hsa-miR-607,3101
hsa-miR-378d,162282
hsa-miR-3974,123865
hsa-miR-425-5p,1176
hsa-miR-551b-3p,5280360
hsa-miR-4492,1130
hsa-miR-302d-3p,60852
hsa-miR-920,122634
hsa-miR-585-3p,60823
hsa-miR-659-3p,25227436
hsa-miR-34b-3p,5284373
hsa-miR-15a-5p,6279
hsa-miR-2355-3p,5793
hsa-miR-199a-5p,3220
hsa-miR-135b-5p,5746
hsa-miR-379-5p,3763
hsa-miR-587,60606
hsa-miR-374b-3p,9576410
hsa-miR-4271,285033
hsa-miR-24-3p,638278
hsa-miR-4779,5950
hsa-miR-4765,2375
pny-miR-19c,4033
hsa-miR-665,54671203
hsa-miR-191-3p,5789
hsa-miR-4795-5p,5394
hsa-miR-670-5p,126941
hsa-miR-875-5p,5978
hsa-miR-194-5p,3062316
hsa-miR-1304-5p,54671203
hsa-miR-4473,107985
hsa-miR-153-3p,104741
hsa-miR-1179,47318
hsa-miR-3193,44631912
hsa-miR-3945,790
hsa-miR-483-3p,10621
hsa-miR-4749-3p,9931953
hsa-miR-518d-5p,5288826
hsa-miR-548c-5p,122634
hsa-miR-874-3p,4158
hsa-miR-1271-5p,784
hsa-miR-1226-5p,2723601
hsa-miR-421,4891
hsa-miR-122-5p,2336
hsa-miR-302d-3p,3652
hsa-miR-4665-3p,65064
hsa-miR-2467-3p,11707110
hsa-miR-130a-3p,135410875
hsa-miR-30c-2-3p,65110
hsa-miR-4470,24978538
hsa-miR-152-3p,9949648
hsa-miR-2278,25227436
hsa-miR-130a-3p,64971
hsa-miR-4662a-3p,5280343
hsa-miR-651-5p,21109
hsa-miR-4466,3902
hsa-miR-4674,164676
hsa-miR-589-3p,460612
hsa-miR-15b-3p,3657
hsa-miR-330-5p,5291
hsa-miR-202-3p,10635
hsa-miR-337-5p,5318517
hsa-miR-1973,60823
hsa-miR-181d-5p,9444
hsa-miR-514a-3p,56649450
hsa-miR-3648,5790
hsa-miR-495-3p,442428
hsa-miR-149-3p,9576410
hsa-miR-132-3p,216239
hsa-miR-1296-5p,2336
hsa-miR-449c-5p,5789
hsa-miR-718,21109
hsa-miR-196a-3p,38904
hsa-miR-4454,451668
hsa-miR-138-2-3p,10836
hsa-miR-92a-3p,91820602
hsa-miR-598-3p,114900
hsa-miR-126-3p,11228183
hsa-miR-4685-5p,5284616
hsa-miR-100-5p,119104
hsa-miR-608,13342
hsa-miR-1539,5329102
hsa-miR-1264,636397
hsa-miR-489-5p,784
hsa-miR-216b-5p,6253
hsa-miR-127-5p,114900
hsa-miR-548d-3p,5816
hsa-miR-518a-3p,442793
hsa-miR-140-3p,1983
hsa-miR-143-3p,4091
hsa-miR-1281,31703
hsa-miR-517a-3p,31401
hsa-miR-3672,5881
hsa-mir-548a-1,6106
hsa-miR-30b-3p,47725
hsa-miR-214-3p,31401
hsa-miR-519e-3p,5793
hsa-miR-3065-3p,122634
hsa-let-7a-3p,123596
hsa-miR-362-5p,5280360
hsa-miR-4635,1175
hsa-miR-3133,5280961
hsa-miR-4773,91820602
hsa-miR-380-5p,3902
hsa-miR-642a-5p,9826528
hsa-miR-1255b-5p,9804992
hsa-miR-377-3p,9804992
hsa-miR-519b-3p,5394
hsa-miR-591,442428
hsa-miR-23a-3p,9064
hsa-miR-362-3p,285033
hsa-miR-150-3p,65015
hsa-miR-4426,442793
hsa-mir-409,10635
hsa-miR-370-3p,60852
hsa-miR-4722-5p,5360373
hsa-miR-873-5p,56842234
hsa-mir-128-2,5318517
hsa-miR-192-5p,5280448
hsa-miR-3152-3p,452548
hsa-miR-1270,3821
hsa-miR-29b-2-5p,5283344
hsa-miR-183-5p,5743
hsa-miR-4685-5p,54454
hsa-miR-623,5310940
hsa-miR-625-5p,5394
hsa-miR-140-3p,42611257
hsa-miR-877-5p,60606
hsa-miR-181a-2-3p,11226684
hsa-miR-126-5p,176870
hsa-miR-543,896
hsa-miR-4284,1130
hsa-miR-649,24360
hsa-miR-4788,30323
hsa-miR-577,6857599
hsa-miR-507,60953
hsa-miR-4750-5p,64971
hsa-miR-378e,261000
hsa-mir-26a-2,72304
hsa-miR-2114-5p,17754356
hsa-miR-3194-5p,5073
hsa-miR-1258,97226
hsa-miR-361-5p,6037
hsa-miR-1277-3p,5318517
hsa-miR-188-5p,445154
hsa-miR-4443,5288209
hsa-miR-3659,4891
hsa-miR-523-3p,91820602
hsa-miR-3663-3p,36314
hsa-miR-4707-5p,6279
hsa-miR-3611,124886
hsa-miR-4732-5p,36314
hsa-miR-553,5280961
hsa-miR-499a-5p,2767
hsa-let-7a-5p,13089
hsa-miR-9-3p,141643
hsa-miR-378f,11626560
hsa-miR-1283,10635
hsa-miR-2277-3p,985
hsa-miR-22-3p,42113
hsa-miR-587,3121
hsa-miR-3173-3p,261004
hsa-miR-1260b,10184653
hsa-miR-495-3p,5284373
hsa-miR-631,60953
hsa-miR-4281,141643
hsa-miR-190b-5p,5280453
hsa-miR-3146,5352624
hsa-miR-1299,5311
hsa-miR-325,13342
hsa-miR-4765,104746
hsa-miR-95-3p,5394
hsa-miR-596,5280961
hsa-miR-1539,54670067
hsa-miR-3186-3p,24978538
hsa-miR-4289,5793
hsa-miR-1262,2244
hsa-miR-508-3p,1983
hsa-miR-1285-3p,25227436
hsa-miR-3660,60852
hsa-miR-3141,24288
hsa-miR-664a-3p,46843772
hsa-miR-378e,6115
hsa-miR-934,6041
hsa-miR-4473,104746
hsa-miR-129-2-3p,176870
hsa-miR-182-5p,24978538
hsa-miR-4483,5284616
hsa-mir-128-2,3220
hsa-miR-517a-3p,657237
hsa-miR-431-5p,3385
hsa-miR-4315,1983
hsa-miR-1261,10635
hsa-miR-518a-3p,261004
hsa-miR-135a-5p,5280360
hsa-miR-4750-5p,5394
hsa-miR-1468-5p,712
hsa-miR-4521,3763
hsa-miR-3151-5p,5994
hsa-miR-4644,25183872
hsa-miR-30a-3p,2723601
hsa-miR-575,16197265
hsa-miR-3648,4624
hsa-miR-1256,216239
hsa-miR-423-3p,13342
hsa-miR-744-5p,119307
hsa-miR-920,3028194
hsa-miR-320b,455658
hsa-miR-2355-5p,5360373
hsa-miR-135a-3p,2353
hsa-miR-181a-2-3p,9826528
hsa-miR-154-5p,1832
hsa-miR-26b-5p,11226684
hsa-miR-661,455658
hsa-miR-105-5p,25183872
hsa-miR-1469,44631912
hsa-miR-711,60606
hsa-miR-769-5p,4763
hsa-miR-183-5p,9444
hsa-miR-520f-3p,2520
hsa-miR-3147,5865
hsa-miR-4271,6442177
hsa-miR-1538,261004
hsa-miR-34b-3p,91820602
hsa-miR-609,123865
hsa-miR-320a-3p,114900
hsa-miR-19a-3p,5743
hsa-miR-489-5p,439530
hsa-miR-1293,15939
hsa-miR-4728-3p,5462222
hsa-miR-578,3902
hsa-miR-380-3p,72304
hsa-miR-520d-3p,60852
hsa-miR-181a-5p,6041
hsa-miR-365a-3p,2353
hsa-miR-455-3p,25262965
hsa-miR-4271,6505803
hsa-miR-4306,7222
hsa-miR-4759,5284616
hsa-miR-4270,54670067
hsa-miR-635,13089
hsa-miR-517b-3p,16197265
hsa-miR-127-3p,156413
hsa-miR-216a-5p,448013
hsa-miR-802,122724
hsa-miR-29a-5p,135398735
hsa-miR-767-5p,60838
hsa-miR-4800-3p,2375
hsa-miR-548f-5p,9700
hsa-miR-30c-5p,56842234
hsa-miR-523-3p,446220
hsa-miR-1249-3p,21109
hsa-miR-3180-5p,46843772
hsa-mir-16-2,11228183
hsa-miR-26a-1-3p,442972
hsa-miR-4722-5p,1832
hsa-miR-551b-3p,10940
hsa-miR-622,9915743
hsa-miR-545-3p,123631
hsa-miR-496,24978538
hsa-miR-2277-3p,5284616
hsa-miR-3662,5035
hsa-miR-583,5281708
hsa-miR-3960,3821
hsa-miR-3130-5p,445434
hsa-miR-3910,6106
hsa-miR-30c-1-3p,6279
hsa-miR-507,1983
hsa-miR-4700-5p,6468
hsa-miR-3651,896
hsa-miR-331-3p,104746
hsa-miR-3663-3p,44259
hsa-miR-573,135410875
hsa-let-7f-1,7222
hsa-miR-513a-5p,23725625
hsa-miR-363-5p,6013
hsa-miR-340-5p,5757
hsa-miR-581,60823
hsa-miR-3177-3p,5978
hsa-miR-498-5p,10184653
hsa-miR-433-3p,4158
hsa-miR-4735-3p,123631
hsa-miR-1183,24497
hsa-miR-518c-3p,5997
hsa-miR-186-3p,60953
hsa-miR-30e-5p,171548
hsa-miR-181a-5p,15625
hsa-miR-1179,455658
hsa-miR-551b-3p,3488
hsa-miR-3188,5310940
hsa-miR-517a-3p,784
hsa-miR-194-5p,135403648
hsa-miR-4483,119307
hsa-miR-512-3p,3657
hsa-miR-590-5p,5280360
hsa-miR-517c-3p,5951
hsa-miR-374a-5p,31401
hsa-miR-455-3p,5073
hsa-miR-4298,141643
hsa-miR-571,119307
hsa-miR-4430,11228183
hsa-let-7b-5p,123865
hsa-miR-767-3p,8642
hsa-miR-188-3p,14888
hsa-miR-525-3p,37542
hsa-miR-559,5950
hsa-miR-3162-5p,4033
hsa-miR-518c-5p,123631
hsa-miR-32-3p,5073
hsa-miR-543,3103
hsa-miR-939-5p,444732
hsa-miR-1307-3p,4212
hsa-miR-601,5291
hsa-miR-513c-5p,162282
hsa-miR-183-3p,46843772
hsa-miR-548d-3p,462382
hsa-miR-526b-5p,2662
hsa-miR-3663-3p,446220
hsa-miR-153-3p,241
hsa-miR-146b-5p,8642
hsa-miR-4732-5p,790
hsa-miR-4758-5p,24180719
hsa-miR-569,6442177
hsa-miR-4455,25227436
hsa-miR-194-5p,31401
hsa-miR-3180-5p,3488
hsa-miR-26a-1-3p,9547215
hsa-miR-4797-5p,6623
hsa-miR-520d-3p,3006531
hsa-miR-572,10184653
hsa-miR-4311,1983
hsa-miR-302d-3p,3657
hsa-miR-606,36462
hsa-miR-671-5p,452548
hsa-mir-92a-2,9931953
hsa-miR-625-5p,13089
hsa-miR-320c,4624
hsa-miR-450a-5p,1176
hsa-miR-4795-5p,5994
hsa-miR-520h,31101
hsa-miR-335-3p,3345
hsa-miR-455-3p,5959
hsa-miR-1258,31101
hsa-miR-383-5p,5282350
hsa-miR-1265,3101
hsa-mir-196a-2,135410875
hsa-miR-320a-3p,216239
hsa-miR-668-3p,445434
hsa-miR-4653-5p,3902
hsa-miR-1972,91820602
hsa-miR-711,5291
hsa-miR-101-3p,4891
hsa-miR-597-5p,77999
hsa-miR-4777-5p,9804992
hsa-miR-219a-1-3p,9444
hsa-miR-27b-3p,60838
hsa-miR-129-5p,45266826
hsa-miR-4504,5865
hsa-miR-4288,46843772
hsa-miR-18b-3p,44259
hsa-miR-572,3902
hsa-miR-3682-3p,25227436
hsa-miR-1237-3p,455658
hsa-miR-3194-5p,9444
hsa-miR-4759,10940
hsa-miR-675-5p,285033
hsa-miR-325,2578
hsa-miR-122b-5p,445580
hsa-miR-1226-3p,2907
hsa-miR-92a-3p,56842234
hsa-miR-575,122634
hsa-miR-30d-5p,21633059
hsa-miR-542-5p,5222465
hsa-miR-648,2578
hsa-miR-4723-5p,10184653
hsa-miR-551b-3p,176870
hsa-miR-1264,77999
hsa-miR-133b,5746
hsa-let-7g-5p,24759
hsa-miR-4430,702
hsa-miR-520c-3p,6253
hsa-miR-3974,3385
hsa-miR-1246,4158
hsa-miR-27b-5p,6505803
hsa-miR-4535,97226
hsa-miR-126-3p,56842234
hsa-miR-593-3p,216326
hsa-miR-4261,460612
hsa-miR-4687-3p,91466
hsa-miR-24-3p,216345
hsa-miR-590-5p,5280427
hsa-let-7f-1,445580
hsa-miR-649,5280961
hsa-miR-27a-3p,104842
hsa-miR-4426,42611257
hsa-miR-4640-5p,985
hsa-miR-4680-3p,23973
hsa-miR-374b-5p,2723601
hsa-miR-380-3p,261004
hsa-miR-331-5p,5284373
hsa-miR-145-5p,2662
hsa-miR-29a-5p,229455
hsa-miR-449b-5p,2733526
hsa-miR-628-3p,11556711
hsa-miR-622,1832
hsa-miR-670-5p,5950
hsa-miR-3648,104741
hsa-miR-218-1-3p,54671203
hsa-miR-638,3229
hsa-miR-569,24360
hsa-miR-622,5790
hsa-miR-92a-1-5p,3385
hsa-miR-127-3p,47318
hsa-miR-196a-5p,6253
hsa-miR-4652-5p,4641
hsa-miR-4676-5p,77999
hsa-miR-515-3p,5816
hsa-miR-3200-3p,6505803
hsa-miR-142-3p,15625
hsa-miR-515-5p,145858
hsa-miR-555,4212
hsa-miR-4665-3p,14888
hsa-miR-26a-5p,24978538
hsa-miR-186-3p,3103
hsa-miR-99a-5p,5035
hsa-miR-513c-5p,261000
hsa-miR-518e-3p,60198
hsa-miR-621,6623
hsa-miR-4768-5p,445639
hsa-miR-542-5p,442428
hsa-miR-339-5p,24180719
hsa-miR-559,31703
hsa-miR-4509,104842
hsa-miR-662,2733526
hsa-miR-340-5p,6089
hsa-miR-665,47318
hsa-miR-27b-5p,3763
hsa-miR-129-1-3p,2336
hsa-miR-670-5p,15625
hsa-miR-24-2-5p,11626560
hsa-miR-27a-3p,162282
hsa-miR-938,2733
hsa-miR-519a-3p,5318517
hsa-miR-4777-5p,442972
hsa-miR-510-5p,9915743
hsa-miR-586,64971
hsa-miR-4727-3p,3961
hsa-miR-1224-3p,73581
hsa-miR-1226-3p,119104
hsa-miR-208a-3p,442972
hsa-miR-766-3p,15
hsa-mir-26a-2,3397
hsa-miR-4470,439260
hsa-miR-450a-5p,107985
hsa-miR-126-3p,11626560
hsa-miR-96-5p,42113
hsa-miR-586,451668
hsa-miR-9-5p,5865
hsa-miR-579-3p,5361
hsa-miR-563,11226684
hsa-miR-4261,5360373
hsa-mir-24-1,3690
hsa-miR-548d-5p,3961
hsa-miR-515-3p,72301
hsa-miR-411-5p,54675776
hsa-miR-1283,5789
hsa-miR-3147,5757
hsa-miR-27a-5p,5280360
hsa-let-7d-3p,241
hsa-miR-208a-3p,9915743
hsa-miR-622,135403648
hsa-miR-489-5p,60852
hsa-miR-1226-3p,5950
hsa-miR-3679-5p,60700
hsa-miR-507,387447
hsa-miR-455-3p,3101
hsa-miR-4518,176870
hsa-miR-193a-5p,44631912
hsa-miR-203b-3p,60823
hsa-miR-1202,442428
hsa-miR-1286,5538
hsa-miR-3185,3902
hsa-miR-4430,1983
hsa-miR-517b-3p,104741
hsa-miR-506-3p,9444
hsa-miR-3658,21109
hsa-miR-365b-3p,208908
hsa-miR-659-3p,5222465
hsa-miR-3974,5035
hsa-miR-1256,9949648
hsa-miR-924,208908
hsa-miR-652-3p,439260
hsa-miR-625-5p,5288826
hsa-miR-23b-3p,5746
hsa-miR-4638-5p,657237
hsa-miR-324-5p,65064
hsa-mir-409,119104
hsa-miR-2114-5p,46843772
hsa-miR-1255b-5p,91820602
hsa-miR-1256,38904
hsa-miR-659-3p,60953
hsa-miR-380-3p,6857599
hsa-miR-525-3p,31703
hsa-let-7d-5p,2995
hsa-miR-3611,24497
hsa-miR-326,3103
hsa-miR-1913,5361
hsa-miR-519c-5p,23725625
hsa-miR-4653-3p,31703
hsa-miR-302a-3p,689043
hsa-miR-518b,2336
hsa-miR-129-1-3p,141643
hsa-miR-4252,442428
hsa-miR-3133,3652
hsa-miR-661,2051
hsa-miR-345-5p,1130
hsa-miR-575,5743
hsa-miR-218-1-3p,171548
hsa-miR-139-3p,896
hsa-miR-204-5p,5462222
hsa-miR-589-3p,5283344
hsa-miR-4695-3p,5978
hsa-miR-126-5p,42611257
hsa-miR-4687-5p,6468
hsa-miR-21-5p,42890
hsa-miR-331-5p,13342
hsa-miR-665,4095
hsa-miR-4285,5222465
hsa-miR-376a-3p,5352624
hsa-miR-26b-3p,24759
hsa-miR-296-5p,445580
hsa-miR-766-3p,2051
hsa-miR-127-3p,23725625
hsa-miR-4767,5280795
hsa-miR-518b,6442177
hsa-miR-4795-5p,123631
hsa-miR-543,445154
hsa-miR-1255a,5394
hsa-mir-199a-2,25262965
hsa-miR-330-3p,21109
hsa-miR-300,3690
hsa-miR-3672,3062316
hsa-miR-516b-3p,5755
hsa-miR-138-1-3p,156413
hsa-miR-495-3p,37542
hsa-miR-335-3p,47318
hsa-miR-1256,15939
hsa-miR-4478,3071
hsa-miR-608,5959
hsa-miR-495-3p,3103
hsa-mir-199a-1,4158
hsa-miR-185-5p,702
hsa-miR-218-5p,2907
hsa-miR-4723-3p,11707110
hsa-miR-16-2-3p,1548943
hsa-miR-4767,60700
hsa-miR-4453,42890
hsa-mir-548h-2,1175
hsa-mir-196a-2,24759
hsa-miR-449b-5p,5284373
hsa-miR-382-5p,5951
hsa-miR-331-5p,3763
hsa-miR-4270,241
hsa-miR-181a-5p,60953
hsa-miR-518a-5p,442428
hsa-miR-655-3p,15
hsa-miR-891b,784
hsa-miR-551b-3p,14888
bdo-let-7,5280453
hsa-miR-3682-3p,5310940
hsa-miR-627-5p,4641
hsa-miR-3117-3p,6468
hsa-miR-374a-5p,13089
hsa-miR-1244,10621
hsa-mir-542,216326
hsa-miR-15b-3p,3028194
hsa-miR-1257,3690
hsa-miR-411-5p,24978538
hsa-miR-4311,25183872
hsa-miR-668-3p,44259
hsa-miR-3130-5p,5743
hsa-miR-551a,253602
hsa-miR-607,60606
hsa-miR-558,1983
hsa-miR-4535,122634
hsa-miR-1179,5222465
hsa-miR-758-3p,24288
hsa-mir-548a-1,216239
hsa-miR-32-3p,784
hsa-miR-518a-3p,24288
hsa-miR-891a-5p,3220
hsa-miR-659-3p,3062316
hsa-miR-3131,3006531
hsa-miR-938,2733526
hsa-miR-340-5p,11556711
hsa-miR-449b-3p,5288209
hsa-miR-19a-3p,3121
hsa-miR-559,119104
hsa-miR-1252-5p,216326
hsa-miR-369-3p,91820602
hsa-miR-718,164676
hsa-miR-3911,5361
hsa-miR-4633-5p,5951
hsa-miR-4729,644241
hsa-miR-1202,3117
hsa-miR-548b-3p,9826528
hsa-miR-4257,6089
hsa-miR-3185,11707110
hsa-miR-4453,9576410
hsa-miR-502-3p,3763
hsa-miR-4695-3p,30323
hsa-miR-4710,42890
hsa-miR-4261,969516
hsa-miR-655-3p,784
hsa-miR-4804-5p,73581
hsa-miR-4759,261000
hsa-miR-539-5p,64971
hsa-miR-30e-5p,2187
hsa-miR-498-5p,261004
hsa-miR-889-5p,446220
hsa-miR-4804-5p,5757
hsa-miR-491-5p,445434
hsa-miR-1260b,9700
hsa-miR-3917,11707110
hsa-miR-337-3p,452548
hsa-miR-638,667639
hsa-miR-302d-3p,11626560
hsa-miR-30a-3p,72304
hsa-miR-491-5p,790
hsa-miR-1538,444732
hsa-miR-30a-3p,5310940
hsa-miR-23b-5p,6106
hsa-miR-374b-5p,216326
hsa-miR-487a-3p,2375
hsa-miR-542-5p,5280448
hsa-miR-29b-3p,2336
hsa-miR-643,6468
hsa-miR-4731-3p,2353
hsa-miR-106a-5p,23973
hsa-miR-423-5p,123865
hsa-mir-92a-2,41867
hsa-miR-210-3p,9915743
hsa-miR-335-5p,5282350
hsa-miR-4767,42113
hsa-miR-1287-5p,17754356
hsa-miR-219a-2-3p,15939
hsa-miR-125a-5p,1983
hsa-miR-208a-3p,216326
hsa-miR-665,216345
hsa-miR-31-3p,44631912
hsa-miR-517a-3p,24360
hsa-miR-371b-3p,3345
hsa-let-7d-3p,5790
hsa-miR-4800-3p,4095
hsa-miR-1238-3p,6115
hsa-miR-1304-5p,31703
hsa-miR-514a-3p,3821
hsa-miR-4653-5p,261004
hsa-miR-18a-3p,9931953
hsa-miR-518d-3p,135410875
hsa-miR-193b-3p,10184653
hsa-miR-127-5p,23725625
hsa-miR-519d-3p,216345
hsa-miR-365b-3p,91466
hsa-miR-4463,2336
hsa-miR-125b-5p,44631912
hsa-miR-3152-3p,6442177
hsa-miR-585-3p,3345
hsa-miR-99b-3p,72301
hsa-miR-935,5757
hsa-miR-20b-5p,3397
hsa-miR-1238-3p,3101
hsa-miR-4665-3p,6505803
hsa-miR-362-3p,442428
hsa-miR-507,123865
hsa-miR-4655-5p,42890
hsa-miR-506-3p,56842234
hsa-miR-34b-5p,10836
hsa-mir-125b-1,448013
hsa-miR-940,9804992
hsa-miR-4478,9804992
hsa-miR-4644,171548
hsa-miR-378b,5280360
hsa-miR-3188,3103
hsa-miR-211-5p,65348
hsa-miR-4721,16197265
hsa-miR-196a-1-3p,23973
hsa-miR-651-5p,24978538
hsa-miR-4463,6167
hsa-miR-645,107985
hsa-miR-518a-3p,3385
hsa-miR-4750-5p,4641
hsa-miR-593-3p,13342
hsa-miR-885-3p,21109
hsa-miR-936,44259
hsa-miR-522-3p,5360373
hsa-miR-4653-5p,54675776
hsa-miR-3193,442793
hsa-miR-488-3p,56649450
hsa-miR-4678,54675776
hsa-miR-766-3p,8642
hsa-miR-654-3p,6057
hsa-let-7g-5p,28486
hsa-miR-34b-3p,141643
hsa-miR-625-3p,241
hsa-mir-153-2,2353
hsa-miR-1256,60780
hsa-miR-411-5p,124886
hsa-miR-34a-3p,17754356
hsa-miR-218-1-3p,2578
hsa-mir-26a-1,91466
hsa-miR-30c-2-3p,3397
hsa-miR-337-5p,11556711
hsa-miR-134-5p,2244
hsa-miR-29b-1-5p,10635
hsa-miR-670-5p,448013
hsa-miR-103a-2-5p,54454
hsa-miR-542-5p,10184653
hsa-miR-4640-5p,13089
hsa-miR-654-5p,442972
hsa-miR-365b-3p,36462
hsa-miR-4306,3121
hsa-miR-651-5p,3657
hsa-miR-30a-3p,6167
hsa-miR-664a-3p,24759
hsa-miR-4759,89594
hsa-miR-4288,41867
hsa-miR-33a-5p,28486
hsa-miR-192-5p,5280795
hsa-miR-1281,4091
hsa-miR-4731-3p,42113
hsa-miR-302d-3p,4158
hsa-miR-933,60780
hsa-miR-938,145858
hsa-miR-3185,5280961
hsa-miR-4430,5280343
hsa-miR-575,387447
hsa-miR-4716-5p,38904
hsa-miR-888-5p,253602
hsa-miR-181b-3p,5978
hsa-miR-381-3p,15
hsa-miR-324-3p,176870
hsa-miR-3960,60700
hsa-miR-510-5p,104741
hsa-miR-184,3006531
hsa-let-7g-3p,122724
hsa-miR-196a-5p,9444
hsa-miR-3195,148124
hsa-miR-4676-5p,7222
hsa-miR-378d,54671203
hsa-miR-638,6115
hsa-miR-363-5p,14403
hsa-miR-34a-5p,38904
hsa-miR-500b-5p,10184653
hsa-miR-4426,65348
hsa-miR-155-5p,5352624
hsa-miR-4464,44259
hsa-miR-183-5p,54454
hsa-miR-374b-5p,56649450
hsa-miR-2117,15
hsa-miR-888-5p,17754356
hsa-miR-526a-5p,126941
hsa-miR-3164,261004
hsa-miR-519c-3p,162282
hsa-miR-4655-5p,24978538
hsa-miR-539-5p,9949648
hsa-miR-670-5p,5865
hsa-miR-33b-5p,1110
hsa-miR-105-5p,5280343
hsa-miR-125a-5p,3071
hsa-miR-548f-5p,5283344
hsa-miR-1197,462382
hsa-miR-1285-3p,45266826
hsa-miR-4258,122724
hsa-miR-302a-3p,65348
hsa-miR-509-3p,6041
hsa-miR-485-3p,644241
hsa-miR-23b-5p,5035
hsa-miR-505-3p,10635
hsa-miR-130b-5p,5865
hsa-miR-658,31101
hsa-miR-3149,253602
hsa-miR-194-5p,6115
hsa-miR-920,445434
hsa-miR-181c-5p,2723601
hsa-miR-1226-3p,5460341
hsa-miR-1267,7222
hsa-mir-125b-1,1832
hsa-miR-920,135398735
hsa-miR-345-5p,445154
hsa-miR-4674,6057
hsa-miR-3606-5p,5280360
hsa-miR-873-5p,123865
hsa-miR-578,3961
hsa-miR-4716-5p,229455
hsa-miR-449b-5p,445639
hsa-miR-454-5p,60606
hsa-miR-1204,5284373
hsa-miR-579-3p,14403
hsa-miR-4466,2336
hsa-miR-1234-3p,2353
hsa-miR-152-3p,5790
hsa-miR-632,3961
hsa-miR-548a-3p,790
hsa-mir-770,5222465
hsa-miR-15b-3p,460612
hsa-miR-15b-5p,11953817
hsa-miR-488-3p,5282350
hsa-miR-338-3p,5951
hsa-miR-374b-3p,448537
hsa-miR-448,1176
hsa-miR-17-3p,1832
hsa-miR-590-3p,5951
hsa-mir-1255b-1,4158
hsa-miR-142-3p,42890
hsa-miR-1304-5p,31101
hsa-miR-572,712
hsa-miR-3914,31703
efu-miR-128b,5222465
hsa-miR-486-3p,126941
hsa-mir-29b-1,261000
hsa-miR-185-5p,9931953
hsa-miR-4788,9826528
hsa-miR-149-3p,439260
hsa-miR-15a-5p,10621
hsa-miR-1281,89594
hsa-miR-525-5p,5282350
hsa-miR-141-3p,10621
hsa-miR-3194-5p,60780
hsa-miR-29b-3p,969516
hsa-miR-323b-5p,11707110
hsa-miR-181c-3p,122724
hsa-let-7g-3p,24759
hsa-miR-597-5p,114900
hsa-miR-3127-5p,5280448
hsa-miR-135a-5p,439260
hsa-miR-4474-3p,44259
hsa-miR-3937,446220
hsa-miR-4674,6013
hsa-miR-485-5p,2723601
hsa-miR-370-3p,455658
hsa-miR-3940-3p,5746
hsa-miR-1277-3p,5284373
hsa-miR-3672,261004
hsa-miR-516b-5p,42113
hsa-miR-488-3p,790
hsa-miR-1296-5p,3117
hsa-miR-4797-5p,387447
hsa-miR-4286,164676
hsa-miR-1287-5p,5280961
hsa-miR-3133,56842234
hsa-miR-517c-3p,3821
hsa-miR-889-3p,56649450
hsa-miR-668-3p,3103
hsa-miR-574-5p,3763
hsa-miR-4535,261004
hsa-miR-3658,10184653
hsa-miR-877-3p,6089
hsa-miR-512-5p,6013
hsa-miR-4638-5p,1175
hsa-miR-636,6857599
hsa-miR-3692-5p,5994
hsa-miR-490-5p,4091
hsa-miR-933,208908
hsa-let-7a-5p,5394
hsa-miR-2355-3p,6468
hsa-miR-4759,2907
hsa-miR-19b-3p,253602
hsa-miR-486-3p,9444
hsa-miR-3117-3p,445858
hsa-miR-518d-3p,25262965
hsa-miR-24-2-5p,141643
hsa-miR-889-3p,5757
hsa-miR-301b-3p,24497
hsa-mir-450a-2,60852
hsa-miR-25-3p,15
hsa-miR-1297,5318517
hsa-miR-609,1176
hsa-miR-3126-5p,31101
hsa-miR-623,6115
hsa-miR-92a-1-5p,241
hsa-miR-195-5p,5361
hsa-miR-874-3p,2733
hsa-miR-30b-5p,5789
hsa-miR-708-5p,6468
hsa-miR-4675,119307
hsa-miR-653-5p,6115
hsa-miR-489-3p,65110
hsa-miR-891a-5p,5282350
hsa-miR-367-3p,6089
hsa-miR-302b-3p,9064
hsa-miR-648,11707110
hsa-miR-4664-3p,24288
hsa-miR-4497,148124
hsa-miR-1972,10940
hsa-mir-542,4212
hsa-miR-516a-5p,3028194
hsa-miR-496,73581
hsa-miR-708-5p,216345
hsa-miR-2052,1832
hsa-miR-320a-3p,5222465
hsa-mir-26a-1,5280343
hsa-miR-484,6279
hsa-miR-516a-5p,3006531
hsa-miR-516b-5p,114900
hsa-miR-499a-5p,5291
hsa-miR-196a-5p,122634
hsa-miR-631,56842234
hsa-miR-4288,6623
hsa-miR-1255a,3564
hsa-miR-1538,5950
hsa-miR-3161,442428
hsa-miR-1539,5284616
hsa-miR-3167,10621
hsa-miR-7-5p,44631912
hsa-miR-128-3p,216345
hsa-miR-451a,15
hsa-miR-125a-5p,5284616
hsa-miR-365a-3p,5790
hsa-miR-1539,644241
hsa-let-7b-3p,89594
hsa-miR-518c-5p,11556711
hsa-mir-125b-1,5460341
hsa-miR-3910,5310940
hsa-miR-95-3p,47318
hsa-miR-98-5p,24759
hsa-miR-125a-3p,15939
hsa-miR-581,176870
hsa-miR-3945,31101
hsa-miR-613,3652
bdo-let-7,42113
hsa-miR-200b-3p,638278
hsa-miR-1227-3p,9804992
hsa-miR-1265,1983
hsa-miR-20b-5p,3902
hsa-miR-637,5757
hsa-miR-3163,171548
hsa-let-7e-5p,3229
hsa-miR-889-3p,3103
hsa-miR-92a-2-5p,54675776
hsa-miR-887-3p,5881
hsa-mir-26a-1,261004
hsa-miR-4518,5280448
hsa-miR-29c-5p,54675776
hsa-miR-4488,3652
hsa-miR-1249-3p,5997
hsa-miR-520a-3p,60606
hsa-miR-149-5p,241
hsa-miR-330-5p,119104
hsa-miR-218-1-3p,5460341
hsa-miR-4710,462382
hsa-miR-1301-3p,3117
hsa-miR-3167,30323
hsa-miR-29a-3p,11226684
hsa-miR-1264,261000
hsa-miR-30a-5p,60780
hsa-miR-4739,2051
hsa-miR-637,25262965
hsa-miR-424-5p,114900
hsa-let-7i-5p,9949648
hsa-miR-340-5p,784
hsa-miR-4674,5283344
hsa-miR-2355-3p,896
hsa-miR-1269a,23973
hsa-miR-194-5p,9931953
hsa-miR-181d-5p,5281708
hsa-miR-4279,1832
hsa-miR-33a-5p,9576410
hsa-miR-19a-3p,667639
hsa-miR-889-5p,23725625
hsa-miR-106b-3p,47318
hsa-miR-4665-3p,47725
hsa-miR-548b-3p,10635
hsa-mir-548a-2,54671203
hsa-miR-4516,442428
hsa-miR-3910,657237
hsa-mir-196a-1,11707110
hsa-miR-370-3p,73581
hsa-miR-501-5p,15625
hsa-mir-770,9576410
hsa-mir-548h-2,25262965
hsa-miR-664a-3p,5793
hsa-miR-4640-5p,3652
hsa-mir-548a-2,6106
hsa-miR-532-3p,28486
hsa-miR-194-5p,6037
hsa-miR-3940-3p,5997
hsa-miR-122-5p,2723601
hsa-miR-665,5035
hsa-miR-328-3p,9804992
hsa-miR-30b-3p,2187
hsa-miR-31-3p,6106
hsa-miR-3177-3p,2375
hsa-miR-330-5p,5284616
hsa-miR-129-1-3p,208908
hsa-miR-423-3p,60700
hsa-miR-124-5p,3062316
hsa-miR-3149,5951
hsa-miR-708-5p,1832
hsa-miR-940,10836
hsa-miR-651-5p,4095
hsa-miR-3167,126941
hsa-miR-138-1-3p,5793
hsa-miR-602,5282350
hsa-miR-525-5p,36314
hsa-miR-3619-5p,5284616
hsa-miR-1287-5p,6167
hsa-miR-504-5p,3121
hsa-miR-1827,3220
hsa-miR-143-3p,6623
hsa-miR-483-3p,176870
hsa-miR-936,2051
hsa-miR-664a-3p,10940
hsa-miR-1260b,156413
hsa-miR-876-3p,444795
hsa-miR-124-3p,636397
hsa-miR-337-3p,21109
hsa-miR-624-3p,124886
hsa-miR-92b-3p,3564
hsa-miR-4464,444732
hsa-miR-9-5p,784
hsa-miR-924,9700
hsa-miR-380-5p,5816
hsa-miR-4279,60823
hsa-miR-184,5283344
hsa-miR-1290,124886
hsa-miR-3178,104842
hsa-miR-1226-3p,5789
hsa-miR-20a-5p,6253
hsa-miR-4443,11707110
hsa-miR-627-5p,24360
hsa-miR-632,37542
hsa-mir-365a,60953
hsa-miR-4428,164676
hsa-miR-181b-5p,42611257
hsa-miR-299-3p,31101
hsa-let-7i-3p,439530
hsa-miR-497-5p,449171
hsa-miR-489-5p,5281708
hsa-miR-499a-5p,6057
hsa-miR-1226-3p,60823
hsa-miR-328-3p,5793
hsa-miR-502-3p,5329102
hsa-miR-490-5p,5311
hsa-miR-1247-5p,3006531
hsa-miR-659-3p,24497
hsa-miR-4739,4091
hsa-miR-526a-5p,451668
hsa-miR-4804-5p,5959
hsa-miR-298,24759
hsa-miR-375-3p,24497
hsa-miR-1273c,985
hsa-miR-4687-5p,896
hsa-miR-95-5p,21109
hsa-miR-608,25262965
hsa-miR-19b-3p,30323
hsa-miR-597-5p,2662
hsa-miR-452-5p,108065
hsa-miR-3125,119307
hsa-miR-30c-2-3p,28486
hsa-miR-3130-5p,124886
hsa-miR-4685-3p,7222
hsa-miR-122b-5p,2662
hsa-miR-1306-3p,65348
hsa-miR-124-3p,13089
hsa-let-7a-5p,1130
hsa-miR-500a-5p,216239
hsa-miR-4448,119307
hsa-miR-3910,8642
hsa-miR-423-5p,2662
hsa-miR-512-3p,65064
hsa-miR-3185,9547215
hsa-miR-4739,176870
hsa-miR-3651,4091
hsa-miR-34a-3p,5994
hsa-miR-34c-3p,790
hsa-miR-515-5p,119307
hsa-miR-324-3p,4033
hsa-miR-100-5p,15
hsa-miR-504-5p,46843772
hsa-miR-519a-3p,60852
hsa-miR-1468-5p,42113
hsa-miR-4728-3p,6623
hsa-miR-1914-5p,65064
hsa-miR-614,25262965
hsa-miR-532-5p,452548
hsa-miR-508-3p,171548
hsa-miR-3174,5282350
hsa-miR-4706,25227436
hsa-miR-1225-5p,13342
hsa-miR-376c-3p,6037
hsa-miR-3146,5073
hsa-miR-4470,5816
hsa-miR-585-3p,5352624
hsa-miR-524-5p,3657
hsa-miR-362-3p,44259
hsa-miR-190a-5p,636397
hsa-miR-553,37542
hsa-miR-298,164676
hsa-miR-2467-3p,3488
hsa-miR-26b-5p,462382
hsa-miR-936,2767
hsa-miR-33a-5p,171548
hsa-miR-1262,72304
hsa-miR-25-3p,46843772
hsa-miR-629-3p,46843772
hsa-miR-4729,65064
hsa-miR-543,31703
hsa-miR-4723-3p,54670067
hsa-miR-2277-3p,104741
hsa-miR-193a-5p,5280360
hsa-miR-4289,2733
hsa-miR-1246,5959
hsa-miR-512-3p,5280961
hsa-miR-4271,3345
hsa-miR-1258,208908
hsa-miR-4492,28486
hsa-miR-4454,3821
hsa-miR-422a,5280360
hsa-miR-4707-5p,2244
hsa-miR-3180-5p,9804992
hsa-miR-29c-3p,6115
hsa-miR-4735-3p,24180719
hsa-miR-625-3p,6857599
hsa-miR-4258,449171
hsa-miR-605-5p,24497
hsa-miR-410-5p,241
hsa-miR-4261,3101
hsa-miR-595,5538
hsa-miR-3133,24288
hsa-miR-590-3p,11556711
hsa-miR-1257,65015
hsa-let-7i-3p,5329102
hsa-miR-342-3p,107985
hsa-miR-590-5p,3902
hsa-miR-526a-5p,6505803
hsa-miR-151a-5p,60838
hsa-miR-653-5p,145858
hsa-miR-539-5p,91466
hsa-miR-4288,145858
hsa-miR-320c,6057
hsa-miR-875-3p,141643
hsa-miR-17-5p,2662
hsa-miR-188-3p,3220
hsa-miR-483-3p,108065
hsa-miR-649,445434
hsa-miR-1269a,784
hsa-miR-3162-5p,5352624
hsa-miR-423-5p,208908
hsa-miR-3127-5p,3220
hsa-miR-4687-3p,9700
hsa-miR-200c-3p,60852
hsa-miR-924,60852
hsa-miR-659-3p,444795
hsa-miR-888-5p,5284616
hsa-miR-326,6106
hsa-miR-556-5p,30323
hsa-miR-421,6115
hsa-miR-3620-3p,216345
hsa-miR-4800-3p,24180719
hsa-miR-625-3p,54675776
hsa-miR-592,2733526
hsa-miR-4669,638278
hsa-miR-513c-5p,30323
hsa-miR-573,4763
hsa-miR-587,9700
hsa-miR-216b-5p,636397
hsa-miR-4464,5329102
hsa-miR-29a-5p,216345
hsa-miR-4729,7222
hsa-miR-455-5p,14888
hsa-miR-671-5p,124886
hsa-miR-1246,442793
hsa-miR-659-3p,126941
hsa-miR-629-3p,9547215
hsa-miR-1265,3229
hsa-miR-3139,148124
hsa-miR-1273c,4033
hsa-miR-518d-5p,5959
hsa-miR-3184-5p,544
hsa-miR-668-3p,5284373
hsa-miR-587,712
hsa-miR-4286,119307
hsa-miR-92a-2-5p,5035
hsa-miR-3648,31401
hsa-miR-611,2375
hsa-miR-324-3p,5280795
hsa-miR-548d-5p,3763
hsa-miR-523-3p,2662
hsa-miR-17-5p,3652
hsa-miR-130a-5p,3961
hsa-miR-30d-5p,5311
hsa-miR-4668-5p,4624
hsa-miR-4281,6442177
hsa-miR-1301-3p,4033
hsa-mir-1255b-1,5280448
hsa-miR-202-5p,25183872
hsa-miR-369-3p,60198
hsa-miR-28-5p,4091
hsa-miR-181b-5p,3690
hsa-miR-340-5p,439260
hsa-miR-650,65348
hsa-miR-371a-5p,15
hsa-miR-202-3p,3397
hsa-miR-647,4641
hsa-miR-4473,5280448
hsa-miR-1914-5p,460612
hsa-miR-576-3p,644241
hsa-miR-509-5p,162282
hsa-miR-583,9804992
hsa-miR-4521,36314
hsa-miR-152-3p,689043
hsa-miR-596,60823
hsa-miR-3195,135398735
hsa-miR-361-5p,11953817
hsa-miR-3659,4033
hsa-miR-139-3p,3564
hsa-miR-4728-3p,9576410
hsa-miR-4675,5280961
hsa-miR-365a-3p,107985
hsa-miR-183-5p,2723601
hsa-miR-302f,4091
hsa-miR-3167,229455
hsa-miR-663b,5288826
hsa-miR-519c-5p,445154
hsa-miR-3134,21109
hsa-miR-218-1-3p,11953817
hsa-miR-4653-3p,5318517
hsa-miR-623,36314
hsa-miR-4475,5288826
hsa-miR-200b-3p,6468
hsa-miR-326,5282350
hsa-miR-4448,5352624
hsa-miR-125b-1-3p,41867
hsa-miR-744-5p,11626560
hsa-miR-938,60780
hsa-miR-218-5p,9915743
hsa-miR-509-5p,36314
hsa-miR-423-3p,24288
hsa-miR-4487,241
hsa-miR-4535,9700
hsa-miR-3180-5p,10621
hsa-miR-450b-5p,65064
hsa-mir-770,25262965
hsa-miR-1244,31401
hsa-miR-378a-5p,3101
hsa-mir-7-3,5462222
hsa-miR-372-3p,5462222
hsa-miR-574-5p,24759
hsa-miR-3658,60750
hsa-miR-378f,2336
hsa-miR-485-3p,449171
hsa-miR-424-5p,9700
hsa-miR-190b-5p,445434
hsa-let-7i-3p,644241
hsa-miR-4298,64971
hsa-miR-519d-3p,3006531
hsa-miR-4324,36314
hsa-miR-3960,21633059
hsa-miR-191-3p,162282
hsa-miR-1226-5p,53232
hsa-miR-1283,442972
hsa-miR-324-5p,42611257
hsa-miR-423-5p,6037
hsa-miR-33a-5p,9915743
hsa-miR-4460,702
hsa-miR-891b,460612
hsa-miR-181b-3p,14403
hsa-miR-3149,65015
hsa-miR-337-3p,5291
hsa-miR-661,156413
hsa-miR-1972,7222
hsa-miR-3662,60852
hsa-miR-378g,2187
hsa-miR-4635,5284373
hsa-let-7f-1-3p,13089
hsa-miR-548d-5p,11953817
hsa-miR-369-3p,5280427
hsa-miR-325,16197265
hsa-miR-92a-2-5p,119307
hsa-miR-323a-3p,445858
hsa-miR-1306-3p,5755
hsa-miR-219b-3p,3821
hsa-miR-409-5p,3117
hsa-miR-3146,107985
hsa-miR-18a-5p,5881
hsa-miR-4701-5p,5789
hsa-miR-614,5994
hsa-miR-126-3p,60838
hsa-miR-1260b,9826528
hsa-miR-4497,445858
hsa-miR-4465,91466
hsa-miR-31-3p,31401
hsa-miR-373-5p,42113
hsa-miR-106a-5p,5816
hsa-miR-4710,54671203
hsa-miR-3611,4158
hsa-miR-4665-3p,5281708
hsa-miR-4288,6167
hsa-miR-26a-5p,9576410
hsa-miR-522-3p,5881
hsa-mir-92a-2,442972
hsa-miR-520f-3p,3902
hsa-miR-216a-5p,2733526
hsa-let-7f-2-3p,3902
hsa-miR-4470,3397
hsa-miR-3198,38904
hsa-miR-3194-5p,6253
hsa-miR-1224-3p,9547215
hsa-miR-766-3p,784
hsa-miR-595,2375
hsa-miR-2113,91466
hsa-miR-122-5p,9547215
hsa-miR-141-3p,3028194
hsa-miR-34b-3p,14888
hsa-miR-23b-3p,41867
hsa-miR-346,2662
hsa-miR-106a-5p,9915743
hsa-miR-3180-5p,4212
hsa-miR-522-3p,216345
hsa-miR-320c,11626560
hsa-miR-661,64971
hsa-miR-181c-3p,448013
hsa-miR-548d-5p,5283344
hsa-miR-3153,1110
hsa-miR-15a-3p,43815
hsa-miR-1182,439530
hsa-miR-409-5p,15
hsa-miR-485-3p,9826528
hsa-miR-4788,439260
hsa-miR-668-3p,2662
hsa-miR-4723-5p,4943
hsa-miR-4797-5p,2907
hsa-miR-454-5p,1832
hsa-miR-140-3p,5283344
hsa-miR-508-3p,9931953
hsa-let-7a-3,442972
hsa-miR-362-3p,208908
hsa-miR-152-3p,5746
hsa-miR-129-1-3p,60750
hsa-miR-193b-3p,43815
hsa-miR-499a-5p,65015
hsa-mir-324,23973
hsa-miR-4723-5p,216326
hsa-miR-26a-1-3p,5755
hsa-miR-645,15939
pny-miR-19c,6037
hsa-miR-4676-5p,261000
hsa-miR-4723-3p,544
mmu-miR-465b-5p,104746
hsa-miR-4467,4158
hsa-miR-4485-3p,6857599
hsa-miR-4772-5p,455658
hsa-miR-522-3p,5280961
hsa-miR-1181,46843772
hsa-miR-1197,3117
hsa-miR-4284,6623
hsa-miR-1304-5p,23973
hsa-miR-32-5p,5755
hsa-miR-4693-5p,5460341
hsa-miR-4675,445639
hsa-miR-34c-3p,60700
hsa-miR-1538,15
hsa-miR-449c-5p,43815
hsa-miR-2355-3p,31101
hsa-mir-450a-2,91820602
hsa-miR-4711-3p,4624
hsa-miR-4739,171548
hsa-miR-486-3p,156413
hsa-miR-653-5p,2662
hsa-mir-125b-2,896
hsa-miR-541-3p,5816
hsa-mir-19b-1,451668
hsa-miR-371a-3p,5790
hsa-miR-877-5p,5360373
hsa-miR-130b-5p,1176
hsa-miR-4281,31401
hsa-miR-643,73581
hsa-miR-4465,6468
hsa-miR-433-3p,2662
hsa-miR-33b-5p,43815
hsa-miR-128-3p,73581
hsa-mir-26a-1,6167
hsa-miR-1237-3p,1176
hsa-miR-3974,60700
hsa-mir-92a-1,41867
hsa-miR-4759,15939
hsa-miR-769-5p,3071
hsa-miR-27a-5p,3345
hsa-miR-93-5p,2662
hsa-miR-933,135398735
hsa-miR-654-3p,5743
hsa-miR-487a-3p,4641
hsa-miR-181c-3p,439530
hsa-miR-26b-3p,5793
hsa-miR-653-5p,47725
hsa-miR-3126-5p,24497
hsa-miR-518a-5p,790
hsa-miR-378e,135403648
hsa-miR-940,6167
hsa-miR-587,38904
hsa-miR-1229-3p,60823
hsa-miR-887-5p,6089
hsa-miR-885-3p,6057
hsa-miR-4640-5p,21633059
hsa-miR-1301-3p,644241
hsa-miR-23b-5p,2662
hsa-miR-342-3p,439530
hsa-miR-335-5p,216326
hsa-miR-582-5p,6041
hsa-miR-1291,462382
hsa-miR-374a-5p,176870
hsa-miR-1321,3062316
hsa-miR-454-5p,42113
hsa-miR-593-3p,3101
hsa-miR-298,285033
hsa-miR-3611,5997
hsa-miR-4285,9444
hsa-miR-362-3p,10940
hsa-miR-520g-3p,253602
hsa-miR-3196,6442177
hsa-miR-19a-3p,54675776
hsa-miR-320c,451668
hsa-miR-107,3071
hsa-miR-4324,5288209
hsa-miR-4711-3p,6013
mmu-miR-878-3p,53232
hsa-miR-1229-3p,145858
hsa-miR-621,56842234
hsa-miR-4460,1175
hsa-miR-222-5p,702
hsa-miR-769-5p,47725
hsa-miR-611,5318517
hsa-miR-378a-3p,5311
hsa-miR-1286,261000
hsa-mir-153-2,126941
hsa-miR-150-3p,3071
hsa-miR-27a-5p,5284373
hsa-miR-202-3p,24497
hsa-miR-337-5p,3028194
hsa-miR-106b-5p,2662
hsa-miR-4759,3961
hsa-miR-133a-3p,2520
hsa-miR-568,3220
hsa-miR-3074-3p,5951
hsa-miR-4284,5280360
hsa-miR-708-5p,156413
hsa-miR-221-3p,11226684
hsa-miR-892a,2353
hsa-miR-133a-3p,28486
hsa-miR-887-3p,442793
hsa-miR-218-1-3p,2520
hsa-miR-1268a,5538
hsa-miR-664a-3p,4641
hsa-miR-519d-3p,60198
hsa-miR-4707-5p,896
hsa-miR-452-5p,5035
hsa-miR-149-5p,439530
hsa-miR-302a-3p,5816
hsa-let-7d-5p,445434
hsa-miR-548a-3p,3902
hsa-mir-548a-1,24180719
hsa-miR-136-5p,544
hsa-miR-1290,4033
hsa-miR-135a-5p,10621
hsa-miR-525-3p,638278
hsa-miR-1258,2733
hsa-miR-1260a,216345
hsa-miR-135b-5p,241
hsa-miR-502-5p,216326
hsa-miR-4319,25183872
hsa-miR-92b-3p,91466
hsa-mir-125b-1,439530
hsa-miR-4720-3p,56842234
hsa-miR-376a-3p,6089
hsa-miR-135b-5p,54671203
hsa-miR-202-3p,4763
hsa-miR-99b-3p,9576410
hsa-miR-1226-5p,3690
hsa-miR-2682-5p,104746
hsa-miR-561-3p,6253
hsa-miR-3911,54675776
hsa-miR-623,5538
hsa-miR-1237-3p,5790
hsa-miR-4722-5p,24360
hsa-miR-4484,5755
hsa-miR-1307-3p,216345
hsa-miR-548c-5p,15625
hsa-miR-4298,1176
hsa-miR-138-1-3p,123865
hsa-miR-1283,9931953
hsa-miR-3186-3p,25183872
hsa-miR-22-5p,72304
hsa-miR-10b-3p,460612
hsa-miR-148a-3p,387447
hsa-miR-132-3p,60823
hsa-miR-92a-2-5p,5280427
hsa-miR-4473,145858
hsa-miR-4791,462382
hsa-miR-4701-5p,449171
hsa-miR-126-5p,24978538
hsa-miR-877-3p,3101
hsa-miR-184,10836
hsa-miR-4765,3121
hsa-miR-3146,3117
hsa-miR-548b-3p,6468
hsa-miR-28-5p,5978
hsa-miR-938,42113
hsa-miR-202-5p,15625
hsa-miR-2355-5p,5755
hsa-miR-106a-5p,13089
hsa-miR-381-3p,261000
hsa-miR-301b-3p,135410875
hsa-mir-26a-1,5994
hsa-miR-4428,11228183
hsa-miR-181b-2-3p,6623
hsa-miR-128-3p,5538
hsa-miR-877-5p,448013
hsa-miR-140-5p,36462
hsa-miR-563,60750
hsa-miR-320d,261004
hsa-miR-132-3p,17754356
hsa-miR-4783-3p,462382
hsa-miR-520b-3p,3006531
hsa-miR-520d-3p,5291
hsa-miR-3662,15939
hsa-miR-466,91820602
hsa-miR-34b-5p,6442177
hsa-miR-590-5p,24288
hsa-miR-92a-2-5p,1130
hsa-miR-920,1130
hsa-miR-197-3p,4943
hsa-miR-1911-5p,15625
hsa-miR-518b,3229
hsa-miR-3910,123631
hsa-miR-4655-5p,6442177
hsa-miR-1204,97226
hsa-miR-192-5p,54675776
hsa-miR-4271,636397
hsa-miR-518d-5p,2662
hsa-miR-10a-5p,969516
hsa-miR-4728-3p,5394
hsa-miR-128-3p,2907
hsa-miR-466,54670067
hsa-miR-329-3p,11228183
hsa-miR-1915-3p,216239
hsa-miR-518e-3p,2578
hsa-miR-4758-3p,31401
hsa-miR-625-3p,1983
hsa-miR-590-5p,689043
mmu-miR-703,445154
hsa-miR-653-5p,47318
hsa-miR-3153,9804992
hsa-miR-632,3657
hsa-miR-4731-3p,3071
hsa-miR-3620-3p,3386
hsa-miR-4497,2187
hsa-miR-452-5p,2336
hsa-miR-4518,439530
hsa-miR-517a-3p,6013
hsa-miR-518c-3p,9064
hsa-miR-629-5p,41867
hsa-miR-193a-3p,444795
hsa-miR-4722-5p,2244
hsa-miR-564,6167
hsa-miR-601,5284616
hsa-miR-1178-3p,38904
hsa-miR-3945,3345
hsa-miR-195-5p,107985
hsa-miR-196a-3p,148124
hsa-miR-587,73581
hsa-miR-526b-5p,702
hsa-miR-155-5p,445434
hsa-miR-1250-5p,5280427
hsa-miR-3679-5p,896
pny-miR-19c,9804992
hsa-miR-645,11556711
hsa-miR-891b,4158
hsa-miR-485-5p,54670067
hsa-miR-3196,6089
hsa-miR-502-5p,47725
hsa-miR-4680-3p,47725
hsa-miR-4270,439530
hsa-miR-4750-5p,3071
hsa-miR-3167,6013
hsa-miR-3164,5538
hsa-miR-638,241
hsa-miR-219b-3p,10635
hsa-miR-374c-5p,3763
hsa-miR-190b-5p,31703
hsa-miR-1825,54671203
hsa-miR-500a-5p,91466
hsa-miR-4324,148124
hsa-miR-191-3p,9444
hsa-miR-1288-3p,30323
hsa-miR-98-5p,60823
hsa-miR-3911,5310940
hsa-miR-629-5p,6037
hsa-miR-302a-3p,24360
hsa-miR-4430,60953
hsa-miR-4783-3p,3657
hsa-mir-29b-1,21109
hsa-miR-132-3p,462382
hsa-miR-770-5p,5951
hsa-miR-335-5p,171548
hsa-miR-663a,60823
hsa-miR-1908-5p,2353
hsa-miR-520a-3p,442972
hsa-miR-513c-5p,119104
hsa-miR-1225-5p,119104
hsa-miR-1224-5p,285033
hsa-miR-508-3p,6253
hsa-miR-592,5790
hsa-miR-3163,24360
hsa-miR-425-5p,3397
hsa-miR-4745-3p,3763
hsa-miR-491-5p,10635
hsa-miR-193b-5p,5994
hsa-miR-802,1176
hsa-miR-4271,5951
hsa-miR-4640-5p,5311
hsa-miR-325,439530
hsa-miR-559,3690
hsa-miR-127-5p,2723601
hsa-miR-4749-3p,123631
hsa-miR-887-5p,5222465
hsa-miR-1343-3p,5790
hsa-miR-2861,3763
hsa-miR-380-3p,123865
hsa-miR-29b-2-5p,37542
hsa-miR-18a-3p,3006531
hsa-miR-3659,2907
hsa-miR-211-5p,156413
hsa-miR-4530,5361
hsa-miR-449a,11953817
hsa-mir-548h-2,9547215
hsa-miR-3151-5p,3488
hsa-miR-373-3p,3062316
hsa-miR-1292-5p,77999
hsa-miR-518e-3p,11953817
hsa-miR-92a-1-5p,5790
hsa-let-7d-5p,9576410
hsa-miR-4311,3028194
hsa-miR-601,10621
hsa-miR-411-3p,54671203
hsa-miR-200a-3p,6115
hsa-miR-105-5p,387447
hsa-mir-770,37542
hsa-miR-4701-5p,42113
hsa-miR-4745-3p,6279
hsa-miR-335-3p,28486
hsa-miR-154-5p,36314
hsa-miR-492,14888
hsa-miR-127-5p,5222465
hsa-miR-1250-5p,5291
hsa-miR-3174,9931953
hsa-miR-3614-3p,123865
hsa-miR-34b-5p,3763
hsa-miR-638,36314
hsa-miR-330-3p,5318517
hsa-miR-496,16197265
hsa-miR-95-3p,6857599
hsa-miR-507,60838
hsa-miR-636,9444
hsa-miR-4687-5p,2995
hsa-miR-1912-3p,442793
hsa-miR-1281,60750
hsa-miR-3907,10940
hsa-miR-139-3p,439260
hsa-miR-1247-5p,2907
hsa-miR-103a-3p,31401
hsa-miR-93-5p,162282
hsa-miR-544a,25227436
hsa-miR-517b-3p,1110
hsa-miR-606,1832
hsa-miR-3183,2051
hsa-mir-7-3,77999
hsa-miR-34c-3p,1548943
hsa-miR-218-1-3p,6857599
hsa-miR-4758-5p,24497
hsa-mir-16-2,5978
hsa-miR-641,285033
hsa-miR-629-3p,455658
hsa-miR-766-3p,451668
hsa-miR-4492,17754356
hsa-miR-15b-5p,17754356
hsa-miR-602,1130
hsa-miR-3141,44631912
hsa-miR-4516,11556711
hsa-miR-21-3p,15625
hsa-miR-548d-5p,3220
hsa-miR-1268a,104741
hsa-miR-643,13342
hsa-miR-3651,123631
hsa-miR-581,46843772
hsa-miR-423-5p,6468
hsa-miR-152-3p,42890
hsa-miR-409-3p,148124
hsa-miR-606,3397
hsa-miR-526a-5p,3657
hsa-miR-1275,65064
hsa-mir-548h-2,104842
hsa-miR-518f-3p,6279
hsa-miR-551a,644241
hsa-miR-4674,25183872
hsa-miR-933,5280427
hsa-miR-196a-5p,41867
hsa-miR-4485-3p,24360
hsa-miR-29b-1-5p,253602
hsa-miR-4745-5p,657237
hsa-miR-23a-3p,3386
hsa-miR-659-3p,229455
hsa-miR-378c,43815
hsa-miR-3139,135410875
hsa-miR-3672,10184653
hsa-miR-22-3p,6106
hsa-miR-1283,667639
hsa-miR-519c-3p,5361
hsa-miR-200a-3p,445154
hsa-mir-199a-2,5291
hsa-miR-129-1-3p,145858
hsa-miR-383-5p,9700
hsa-miR-3117-3p,2520
hsa-miR-545-3p,135410875
hsa-miR-1265,24978538
hsa-miR-3152-3p,285033
hsa-miR-4735-3p,10635
hsa-miR-125b-1-3p,216239
hsa-miR-331-3p,7222
hsa-miR-3185,28486
hsa-let-7a-3p,21633059
hsa-miR-30d-5p,25183872
hsa-miR-555,5282350
hsa-miR-877-5p,42611257
hsa-let-7i-5p,162282
hsa-miR-939-5p,3652
hsa-miR-4783-3p,3071
hsa-miR-627-5p,6279
hsa-miR-938,2244
hsa-miR-25-3p,657237
hsa-miR-670-5p,72301
hsa-miR-378g,3386
hsa-miR-422a,65110
hsa-miR-593-3p,5222465
hsa-miR-548b-5p,60780
hsa-miR-23a-5p,6253
hsa-miR-124-3p,10836
hsa-miR-639,261000
hsa-miR-490-3p,44259
hsa-miR-330-3p,3345
hsa-miR-98-5p,5311
hsa-mir-409,6167
hsa-miR-185-5p,216239
hsa-miR-653-5p,3488
hsa-miR-517b-3p,4943
hsa-miR-518c-3p,702
hsa-miR-369-3p,6279
hsa-miR-522-3p,145858
hsa-miR-331-3p,13342
hsa-miR-627-5p,2723601
hsa-miR-299-5p,60750
hsa-miR-3065-5p,2375
hsa-miR-1233-3p,5394
hsa-miR-637,5282350
hsa-miR-601,5959
hsa-miR-521,5460341
hsa-miR-302b-3p,60823
hsa-miR-3620-3p,442793
hsa-miR-1286,5789
hsa-miR-936,7222
hsa-miR-340-5p,65110
hsa-miR-548h-5p,122634
hsa-miR-3960,24360
hsa-miR-4723-3p,6167
hsa-miR-3064-5p,6857599
hsa-miR-940,896
hsa-miR-320c,37542
hsa-miR-598-5p,10836
hsa-miR-4722-5p,5816
hsa-miR-1913,5755
hsa-miR-3648,5816
hsa-miR-3185,9804992
hsa-miR-202-5p,60852
hsa-let-7i-3p,1832
hsa-miR-632,445639
hsa-miR-29a-3p,216239
hsa-miR-452-5p,784
hsa-miR-4463,702
hsa-miR-181d-3p,25262965
hsa-miR-1297,3386
hsa-miR-513b-5p,123596
hsa-miR-1257,14403
hsa-miR-182-5p,2051
hsa-miR-206,135403648
hsa-miR-4725-3p,2907
hsa-miR-335-3p,9576410
hsa-let-7a-2,5280795
hsa-miR-769-3p,97226
hsa-miR-203a-3p,56842234
hsa-miR-3651,5789
hsa-miR-4727-3p,8642
hsa-miR-198,4158
hsa-miR-3065-5p,24497
hsa-miR-186-5p,644241
hsa-miR-1285-3p,667639
hsa-miR-144-3p,126941
hsa-miR-585-3p,216345
hsa-miR-532-3p,30323
hsa-miR-323a-5p,5280448
hsa-miR-509-5p,455658
hsa-miR-606,9444
hsa-miR-31-3p,445580
hsa-miR-4285,15625
hsa-miR-218-1-3p,2733
hsa-miR-551b-3p,135403648
hsa-miR-4448,261000
hsa-miR-1910-5p,452548
hsa-miR-518e-3p,9826528
hsa-miR-1914-5p,2336
hsa-miR-576-3p,3961
hsa-miR-675-5p,6442177
hsa-miR-190b-5p,15
hsa-miR-486-3p,38904
hsa-miR-151a-5p,15
hsa-miR-1265,1130
hsa-miR-20a-5p,24497
hsa-miR-1270,3385
hsa-miR-30a-3p,47318
hsa-miR-4428,261000
hsa-miR-614,11226684
hsa-miR-1976,896
hsa-miR-92b-3p,5538
hsa-miR-498-5p,5280360
hsa-miR-181c-5p,3652
hsa-miR-4270,65015
hsa-miR-4271,4943
hsa-miR-181a-3p,3220
hsa-miR-1202,5538
hsa-miR-379-5p,5462222
hsa-miR-21-5p,9931953
hsa-miR-143-5p,387447
hsa-miR-4650-5p,119307
hsa-miR-378i,24978538
hsa-miR-3186-3p,3397
hsa-miR-4703-5p,5865
hsa-miR-454-3p,2723601
hsa-miR-376b-3p,790
hsa-miR-4285,72304
hsa-miR-380-5p,5280427
hsa-miR-185-5p,5035
hsa-miR-15b-5p,171548
hsa-miR-4518,23725625
hsa-miR-924,3961
hsa-miR-1247-5p,1175
hsa-miR-23b-3p,5460341
hsa-miR-3180-5p,2051
hsa-miR-659-3p,4091
hsa-miR-558,2995
hsa-miR-522-3p,2733
hsa-miR-1286,216326
hsa-miR-193b-3p,3763
hsa-miR-483-3p,6253
hsa-miR-4675,46843772
hsa-miR-939-5p,1110
hsa-miR-329-3p,4212
hsa-miR-548f-5p,5881
hsa-miR-95-3p,5280448
hsa-miR-320b,449171
hsa-miR-499a-5p,2244
hsa-miR-24-1-5p,444732
hsa-miR-3150b-3p,13342
hsa-miR-1277-3p,9931953
hsa-miR-199b-3p,24497
hsa-miR-3974,4641
hsa-miR-3660,42611257
hsa-miR-595,3006531
hsa-miR-622,6468
hsa-miR-1468-5p,104746
hsa-miR-196b-5p,3397
hsa-miR-365b-3p,702
hsa-miR-638,10940
hsa-miR-576-3p,104741
hsa-miR-129-2-3p,229455
hsa-miR-891a-5p,285033
hsa-miR-128-3p,64971
hsa-miR-664a-3p,3902
hsa-miR-3130-5p,9804992
hsa-miR-574-5p,455658
hsa-miR-4787-5p,3103
hsa-miR-378b,3657
hsa-miR-658,1548943
hsa-miR-569,1548943
hsa-miR-4454,2187
hsa-miR-339-5p,3821
hsa-miR-802,91466
hsa-miR-4783-3p,54454
hsa-miR-877-5p,123631
hsa-miR-4285,1110
hsa-miR-3659,5073
hsa-miR-380-3p,25262965
hsa-miR-1260a,3071
hsa-miR-3184-5p,6167
hsa-miR-324-3p,5288209
hsa-miR-3146,9804992
hsa-miR-365b-3p,104741
hsa-let-7f-1,462382
hsa-miR-495-3p,123865
hsa-miR-3065-5p,5790
hsa-miR-1256,5790
hsa-miR-559,790
hsa-miR-17-3p,444795
hsa-miR-454-3p,445154
hsa-miR-15b-3p,445154
hsa-miR-4521,47318
hsa-miR-4713-5p,2336
hsa-miR-20a-5p,208908
hsa-miR-4475,24759
hsa-miR-219b-3p,5394
hsa-miR-10a-5p,3961
hsa-miR-1973,54671203
hsa-miR-139-3p,6857599
hsa-mir-548h-2,15
hsa-miR-2277-3p,544
hsa-miR-155-5p,5881
hsa-let-7d-5p,65110
hsa-miR-302f,6089
hsa-miR-3672,25262965
hsa-miR-3147,5816
hsa-miR-30b-3p,5360373
hsa-mir-24-2,451668
hsa-miR-4655-5p,448537
hsa-miR-3175,5959
hsa-miR-593-3p,4091
hsa-miR-4311,5280453
hsa-miR-188-5p,14403
hsa-miR-4638-5p,6037
hsa-miR-2355-5p,9576410
hsa-miR-4485-3p,3101
hsa-miR-18a-5p,5462222
hsa-miR-2278,42611257
hsa-miR-618,31703
hsa-miR-3907,119307
hsa-miR-4257,107985
hsa-miR-510-5p,65015
hsa-miR-489-3p,41867
hsa-miR-2467-3p,46843772
hsa-miR-30d-5p,65064
hsa-miR-371a-3p,1832
hsa-miR-4777-5p,9576410
hsa-miR-296-3p,449171
hsa-miR-378a-5p,6623
hsa-miR-1470,53232
hsa-miR-18b-3p,5280343
hsa-miR-320c,5881
hsa-miR-888-5p,784
hsa-miR-1286,164676
hsa-miR-10b-5p,6279
hsa-miR-378a-3p,25262965
hsa-miR-2278,11626560
hsa-miR-4315,4624
hsa-miR-301b-3p,122724
hsa-miR-371a-3p,24497
hsa-miR-137-3p,15939
hsa-miR-4804-5p,31703
hsa-miR-4497,122634
hsa-miR-374b-3p,446220
hsa-miR-1283,689043
hsa-mir-199a-1,6442177
hsa-mir-324,135410875
hsa-mir-29b-1,3386
hsa-miR-708-5p,56842234
hsa-miR-335-3p,3821
hsa-miR-598-5p,162282
hsa-miR-3126-5p,156413
hsa-miR-573,60198
hsa-miR-143-3p,145858
hsa-miR-525-3p,25227436
hsa-miR-519c-5p,72304
hsa-miR-376b-3p,5743
hsa-miR-3620-3p,42611257
hsa-miR-548c-3p,5793
hsa-miR-1304-5p,784
hsa-mir-125b-1,5360373
hsa-miR-3651,15939
hsa-miR-205-5p,5318517
hsa-mir-196a-1,65064
hsa-miR-568,5757
hsa-miR-1261,2336
hsa-miR-2052,41867
pny-miR-19c,43815
hsa-miR-548m,60852
hsa-miR-455-3p,24759
hsa-miR-138-5p,141643
hsa-miR-498-5p,64971
hsa-miR-15b-3p,25183872
hsa-miR-451a,31401
hsa-miR-106a-5p,31401
hsa-miR-103a-2-5p,145858
hsa-mir-24-1,36462
hsa-miR-1303,5329102
hsa-miR-2116-5p,460612
hsa-miR-629-3p,42113
hsa-miR-3168,65015
hsa-mir-196a-1,119307
hsa-miR-224-3p,2723601
hsa-miR-411-5p,42113
hsa-miR-3074-3p,31101
hsa-mir-29b-1,2733526
hsa-miR-3193,3121
hsa-miR-151a-3p,6468
hsa-miR-561-3p,5280427
hsa-miR-107,162282
hsa-miR-4465,5951
hsa-miR-3614-3p,5755
hsa-miR-4791,5284373
hsa-mir-24-1,3386
hsa-miR-4716-3p,31401
hsa-miR-382-5p,156413
hsa-miR-517a-3p,3821
hsa-miR-517b-3p,5284616
hsa-miR-3668,5743
hsa-miR-7-1-3p,11953817
hsa-mir-1255b-1,123596
hsa-miR-138-5p,9826528
hsa-miR-24-3p,60780
hsa-miR-4298,5311
hsa-miR-3151-5p,14888
hsa-miR-1976,10621
hsa-miR-222-5p,451668
hsa-miR-4685-3p,2244
hsa-miR-4773,3071
hsa-miR-219a-1-3p,2733
hsa-miR-30c-2-3p,5311
hsa-miR-494-3p,5280427
hsa-miR-302c-3p,17754356
hsa-miR-190b-5p,5280795
hsa-miR-588,24288
hsa-miR-4680-3p,442793
hsa-miR-320b,2733
hsa-miR-1273c,5997
hsa-miR-16-2-3p,2767
hsa-miR-2116-3p,31101
hsa-miR-553,4624
hsa-miR-423-5p,43815
hsa-miR-4288,2353
hsa-miR-302d-3p,3690
hsa-miR-4678,3652
hsa-miR-1228-3p,60852
hsa-miR-610,10184653
hsa-miR-411-3p,5746
hsa-miR-193b-5p,444732
hsa-let-7f-1-3p,2995
hsa-miR-106a-5p,3821
hsa-miR-601,64971
hsa-miR-4465,638278
hsa-miR-657,171548
hsa-miR-103a-3p,44631912
hsa-miR-202-5p,3101
hsa-miR-3663-3p,3657
hsa-miR-4668-5p,455658
hsa-miR-4703-5p,123631
hsa-miR-379-5p,38904
hsa-miR-519d-3p,1130
hsa-miR-605-5p,644241
hsa-miR-3125,17754356
hsa-miR-4788,969516
hsa-miR-219b-3p,985
hsa-miR-657,11228183
hsa-miR-147b-3p,2051
hsa-miR-541-3p,784
hsa-miR-1908-5p,442428
hsa-miR-1283,2187
hsa-miR-4284,5360373
hsa-miR-2114-5p,6037
hsa-miR-185-5p,9444
hsa-miR-576-3p,444732
hsa-miR-4695-3p,784
hsa-miR-1224-5p,65064
hsa-miR-3614-3p,1130
hsa-miR-4749-3p,5280961
hsa-miR-487a-3p,56842234
hsa-miR-744-3p,31401
hsa-miR-338-5p,4641
hsa-miR-548d-5p,164676
hsa-miR-27b-3p,77999
hsa-miR-30a-3p,123865
hsa-miR-29b-2-5p,53232
hsa-miR-1911-5p,5222465
hsa-miR-1178-3p,10184653
hsa-miR-4311,65110
hsa-miR-375-3p,60198
hsa-miR-553,644241
hsa-miR-550a-5p,119307
hsa-miR-4723-3p,442972
hsa-miR-513b-5p,5790
hsa-miR-522-3p,164676
hsa-miR-3682-3p,89594
hsa-miR-555,4095
hsa-miR-3192-5p,3763
hsa-miR-513b-5p,46843772
hsa-miR-298,123865
hsa-miR-191-3p,5757
hsa-miR-130a-5p,60852
hsa-miR-626,442793
hsa-miR-4288,4763
hsa-miR-590-5p,24497
hsa-miR-499a-5p,64971
hsa-miR-195-5p,896
hsa-miR-4485-3p,89594
hsa-miR-24-3p,4091
hsa-miR-885-3p,5950
hsa-miR-129-5p,3564
hsa-miR-485-5p,14888
hsa-miR-653-5p,2520
hsa-miR-335-3p,462382
hsa-miR-30a-3p,5746
hsa-miR-512-3p,91820602
hsa-miR-378a-3p,44631912
hsa-miR-4732-5p,60838
hsa-miR-30e-5p,2907
hsa-miR-9-5p,4033
hsa-miR-4772-5p,451668
hsa-miR-150-5p,60823
hsa-miR-30a-3p,5538
hsa-miR-103a-2-5p,24978538
hsa-miR-921,24180719
hsa-miR-4721,3652
hsa-miR-876-3p,91820602
hsa-miR-98-5p,11226684
hsa-miR-676-3p,11707110
hsa-miR-323b-5p,141643
hsa-miR-4687-5p,5881
hsa-miR-627-5p,135410875
hsa-miR-30c-5p,3121
hsa-miR-188-5p,3229
hsa-miR-320d,5978
hsa-miR-454-5p,24978538
hsa-miR-4319,56842234
hsa-miR-142-3p,36314
hsa-miR-516a-3p,3652
hsa-miR-1248,91820602
hsa-miR-936,5538
hsa-miR-149-3p,3117
hsa-miR-4758-5p,3690
hsa-miR-136-5p,638278
hsa-miR-4721,45266826
hsa-miR-4478,148124
hsa-miR-130a-3p,24978538
hsa-miR-337-5p,5460341
hsa-miR-1293,4095
hsa-mir-92a-1,5460341
hsa-miR-654-5p,896
hsa-miR-4703-5p,6089
hsa-miR-489-3p,3229
hsa-miR-125a-3p,5035
hsa-miR-519e-3p,6057
hsa-miR-192-5p,2187
hsa-miR-508-3p,2244
mmu-miR-878-3p,14403
hsa-miR-676-3p,712
hsa-miR-4261,17754356
hsa-miR-571,5755
hsa-miR-32-3p,56649450
hsa-miR-1286,5994
hsa-miR-106a-3p,17754356
hsa-miR-3163,439530
hsa-let-7a-2,2767
hsa-miR-101-5p,11626560
hsa-miR-105-5p,31401
hsa-miR-24-1-5p,21633059
hsa-miR-103a-2-5p,5460341
hsa-miR-513a-5p,3652
hsa-miR-22-5p,5282350
hsa-miR-622,636397
hsa-miR-936,10635
hsa-miR-4783-3p,21633059
hsa-miR-30c-1-3p,5462222
hsa-miR-125a-5p,3006531
hsa-miR-3135a,3763
hsa-miR-329-3p,3006531
hsa-miR-27a-5p,444795
hsa-miR-196b-3p,46843772
hsa-miR-365b-3p,636397
hsa-miR-374b-5p,28486
hsa-miR-519a-3p,3062316
hsa-miR-30b-3p,702
hsa-miR-4644,445434
hsa-miR-107,54670067
hsa-miR-1-3p,3386
hsa-miR-586,5394
hsa-miR-552-3p,14403
hsa-miR-569,126941
hsa-miR-374a-5p,3229
hsa-miR-548c-5p,36462
hsa-miR-202-5p,11707110
hsa-miR-642a-5p,5280961
hsa-miR-374b-5p,91820602
hsa-miR-4721,11953817
hsa-miR-4464,5361
hsa-mir-548a-1,702
hsa-miR-525-3p,261000
hsa-miR-625-5p,15625
hsa-miR-1226-3p,47725
hsa-miR-4668-5p,712
hsa-miR-10a-3p,60823
hsa-miR-4450,2336
hsa-miR-4729,5755
hsa-miR-135a-3p,667639
hsa-miR-30b-3p,60780
hsa-miR-3658,31401
hsa-miR-875-5p,446220
hsa-miR-1914-5p,444795
hsa-miR-3186-3p,896
hsa-miR-320c,123596
hsa-miR-378b,107985
hsa-miR-485-3p,123596
hsa-miR-3692-5p,5360373
hsa-miR-553,16197265
hsa-miR-1251-5p,42890
hsa-miR-455-3p,91820602
hsa-miR-128-3p,2244
hsa-miR-765,5280961
hsa-miR-297,2907
hsa-miR-1304-5p,5280427
hsa-miR-3614-3p,5352624
hsa-miR-381-3p,104741
hsa-miR-188-3p,31101
hsa-miR-517b-3p,5865
hsa-miR-485-3p,24497
hsa-miR-519d-3p,126941
hsa-miR-301b-3p,9547215
hsa-miR-1267,1176
hsa-miR-217-5p,6857599
hsa-miR-3619-5p,30323
hsa-miR-3945,5280961
hsa-miR-23a-3p,107985
hsa-miR-3126-5p,3564
hsa-mir-92a-2,31401
hsa-miR-607,65015
hsa-miR-218-1-3p,21109
hsa-miR-4787-3p,72304
hsa-miR-23c,444795
hsa-miR-375-3p,216326
hsa-miR-4463,7222
hsa-miR-564,13342
hsa-miR-196b-5p,16197265
hsa-miR-224-3p,5284373
hsa-miR-612,107985
hsa-miR-181b-5p,2520
hsa-miR-517a-3p,43815
hsa-miR-3153,15625
mmu-miR-465b-5p,1175
hsa-miR-4716-5p,8642
hsa-miR-125a-3p,23973
hsa-miR-409-5p,53232
hsa-miR-3141,53232
hsa-miR-581,5462222
hsa-miR-4749-3p,10940
hsa-miR-643,5284373
hsa-miR-1200,442793
hsa-miR-15b-5p,445858
hsa-miR-127-5p,10621
hsa-miR-516a-3p,3690
hsa-miR-197-3p,9576410
hsa-miR-139-3p,5790
hsa-miR-548c-5p,54670067
hsa-miR-339-3p,3657
hsa-miR-520g-3p,5352624
hsa-mir-125b-1,446220
hsa-miR-181b-5p,9064
hsa-miR-138-2-3p,65110
hsa-miR-198,2244
hsa-miR-4315,6279
hsa-miR-4772-5p,60606
hsa-miR-509-3p,5951
hsa-miR-190b-5p,439530
hsa-miR-1248,31401
hsa-miR-31-5p,11228183
hsa-miR-4765,10184653
hsa-miR-3161,462382
hsa-miR-381-3p,23725625
hsa-miR-1224-3p,5282350
hsa-miR-329-3p,5288209
hsa-miR-24-3p,644241
hsa-miR-512-3p,5959
hsa-miR-4787-5p,5997
hsa-miR-660-5p,6041
hsa-miR-875-5p,5816
hsa-miR-513c-5p,6505803
hsa-miR-193a-5p,65348
hsa-miR-4711-3p,3028194
hsa-miR-28-5p,60838
hsa-miR-525-3p,9547215
hsa-miR-29a-5p,2767
hsa-miR-30a-5p,6115
hsa-miR-195-5p,451668
hsa-miR-487b-3p,445858
hsa-miR-541-3p,3397
hsa-miR-4778-5p,25183872
hsa-miR-3193,5538
hsa-miR-4797-5p,91820602
hsa-miR-484,6089
hsa-let-7b-3p,28486
hsa-miR-4721,5288826
hsa-miR-653-5p,5755
hsa-miR-374a-5p,123865
hsa-miR-1233-3p,10940
hsa-miR-135a-3p,5222465
hsa-miR-489-3p,5789
hsa-miR-492,135398735
hsa-mir-26a-2,5881
hsa-miR-885-3p,445434
hsa-miR-607,42890
hsa-miR-299-3p,114900
hsa-miR-3681-5p,6623
hsa-miR-2052,6857599
hsa-miR-4735-3p,5789
hsa-miR-645,24360
hsa-miR-564,3121
hsa-miR-4711-3p,60953
hsa-miR-432-5p,5035
hsa-miR-218-5p,107985
hsa-miR-27b-5p,5281708
hsa-miR-3614-3p,3220
hsa-miR-607,1110
hsa-miR-3659,123596
hsa-miR-1321,8642
hsa-miR-1304-5p,689043
hsa-miR-496,5746
hsa-miR-3663-3p,8642
hsa-miR-23c,23725625
hsa-miR-378b,54675776
hsa-miR-29c-3p,784
hsa-miR-27a-5p,9576410
hsa-miR-543,5222465
hsa-miR-653-5p,462382
hsa-miR-26a-1-3p,3117
hsa-miR-586,5460341
hsa-miR-320c,10635
hsa-miR-577,31401
hsa-miR-652-3p,123865
hsa-miR-508-3p,6505803
hsa-miR-628-5p,2662
hsa-miR-526b-5p,171548
hsa-miR-653-5p,3961
hsa-miR-489-5p,5755
hsa-miR-27b-3p,9915743
hsa-miR-493-3p,24497
hsa-miR-142-3p,5361
hsa-miR-550a-5p,5352624
hsa-miR-668-3p,60198
hsa-miR-615-3p,77999
hsa-miR-134-5p,135398735
hsa-miR-196a-5p,5283344
hsa-miR-3127-5p,6253
hsa-miR-199b-3p,11707110
hsa-miR-3065-3p,3345
hsa-mir-1285-1,44259
hsa-miR-4745-3p,5950
hsa-miR-744-3p,65110
mmu-miR-703,104741
hsa-miR-31-5p,2995
hsa-miR-1258,37542
hsa-miR-4703-5p,91820602
hsa-miR-4426,135403648
hsa-miR-187-3p,3071
hsa-miR-612,261004
hsa-miR-1234-3p,6037
hsa-miR-106b-5p,60953
hsa-miR-432-5p,13089
hsa-miR-3668,65015
hsa-miR-4758-3p,657237
hsa-miR-629-3p,462382
hsa-miR-26a-1-3p,36314
hsa-miR-449b-3p,54671203
hsa-miR-3074-3p,107985
hsa-miR-4288,11626560
hsa-mir-199a-2,5959
hsa-mir-1285-1,5746
hsa-miR-152-3p,5291
hsa-miR-490-3p,5950
hsa-miR-125b-1-3p,123596
hsa-miR-382-5p,37542
hsa-miR-30c-1-3p,97226
hsa-miR-3665,5743
hsa-miR-495-3p,56649450
hsa-miR-378b,14403
hsa-miR-924,42611257
hsa-miR-4721,241
hsa-miR-769-3p,5280453
hsa-miR-450a-5p,2244
hsa-miR-4763-3p,6442177
hsa-let-7d-5p,445639
hsa-miR-4315,135410875
hsa-miR-4487,53232
hsa-miR-1291,448537
hsa-miR-4638-5p,5281708
hsa-miR-92b-3p,16197265
hsa-miR-711,3397
hsa-miR-193a-5p,2578
hsa-miR-1225-5p,14403
hsa-miR-371a-5p,285033
hsa-miR-181d-3p,9915743
hsa-miR-770-5p,3821
hsa-miR-4639-5p,42890
hsa-miR-130a-5p,2244
hsa-miR-410-3p,72304
hsa-let-7a-3,6013
hsa-miR-888-5p,135403648
hsa-miR-520d-3p,11707110
hsa-miR-449c-5p,5280427
hsa-miR-331-3p,6037
hsa-miR-602,119104
hsa-miR-548m,10184653
hsa-miR-153-3p,14403
hsa-miR-744-5p,790
hsa-miR-371a-3p,104746
hsa-miR-145-5p,9915743
hsa-miR-518b,6013
hsa-miR-607,439530
hsa-miR-598-5p,25262965
hsa-miR-371a-5p,712
hsa-miR-4713-5p,451668
hsa-miR-367-3p,47725
hsa-miR-3151-5p,17754356
hsa-miR-29b-1-5p,6013
hsa-miR-4281,544
hsa-miR-320b,3229
hsa-miR-4788,1175
hsa-miR-4676-5p,2051
hsa-miR-874-3p,24759
hsa-miR-4270,3652
hsa-miR-1249-3p,3902
hsa-miR-1287-5p,2995
hsa-miR-26a-1-3p,229455
hsa-miR-658,3657
hsa-miR-520d-3p,444795
hsa-miR-411-3p,3101
hsa-miR-1288-3p,3101
hsa-miR-335-3p,5311
hsa-miR-23b-5p,17754356
hsa-miR-652-3p,42113
hsa-miR-96-5p,31101
hsa-miR-365b-3p,15625
hsa-miR-146a-5p,65110
hsa-miR-3141,2336
hsa-miR-3658,54670067
hsa-miR-670-5p,91820602
hsa-mir-199a-2,5284616
hsa-miR-644a,24360
hsa-miR-4270,65348
hsa-miR-34c-3p,13342
hsa-miR-875-3p,445639
hsa-miR-1286,24180719
hsa-let-7a-5p,4158
hsa-miR-525-3p,3103
hsa-miR-3910,4763
hsa-miR-31-5p,445580
hsa-miR-1253,2051
hsa-miR-4467,3902
hsa-mir-409,5310940
hsa-miR-651-5p,5865
hsa-miR-654-5p,445434
hsa-miR-3185,65064
hsa-miR-143-3p,4891
hsa-miR-4779,42890
hsa-miR-4311,3961
hsa-miR-582-5p,2723601
hsa-mir-26a-1,5460341
hsa-miR-126-3p,119307
hsa-miR-499a-5p,5997
hsa-miR-92a-1-5p,5789
hsa-miR-550a-3p,123865
hsa-miR-888-5p,10184653
hsa-miR-487b-3p,15939
hsa-miR-4633-5p,3652
hsa-miR-4707-5p,3386
hsa-miR-3139,15
hsa-miR-193b-5p,5743
hsa-miR-448,445580
hsa-miR-718,5361
hsa-miR-217-5p,445154
hsa-miR-802,657237
hsa-miR-212-3p,10184653
hsa-miR-2277-3p,790
hsa-miR-490-3p,31101
hsa-miR-421,6279
hsa-miR-4297,5790
hsa-miR-645,72304
hsa-miR-493-3p,24360
hsa-miR-16-1-3p,91466
hsa-let-7i-3p,3961
hsa-miR-579-3p,65110
hsa-miR-520e-3p,135398735
hsa-miR-615-3p,5865
hsa-miR-129-2-3p,60198
hsa-miR-504-5p,3690
hsa-miR-556-5p,23973
hsa-miR-4639-5p,60953
hsa-miR-589-3p,162282
hsa-miR-577,5318517
hsa-miR-3665,1548943
efu-miR-128b,9949648
hsa-mir-324,2733526
hsa-miR-1296-5p,5282350
hsa-miR-596,4763
hsa-miR-215-5p,42890
hsa-mir-324,1548943
hsa-miR-4640-5p,123596
hsa-miR-3195,31101
hsa-miR-4497,3397
hsa-mir-92a-2,56649450
hsa-miR-4508,54454
hsa-miR-375-3p,2051
hsa-miR-649,164676
hsa-miR-532-3p,2723601
hsa-miR-338-3p,5997
hsa-miR-4497,5280961
hsa-miR-4749-3p,6505803
hsa-miR-122-5p,6089
hsa-miR-2355-5p,114900
hsa-miR-296-3p,37542
hsa-miR-512-5p,5978
hsa-miR-202-3p,162282
hsa-miR-4693-5p,9931953
hsa-miR-2116-5p,64971
hsa-miR-4644,452548
hsa-miR-889-5p,5310940
hsa-miR-525-5p,2051
hsa-miR-3974,229455
hsa-miR-519a-3p,73581
hsa-miR-4767,56649450
hsa-miR-526b-5p,455658
hsa-miR-4750-5p,784
hsa-miR-625-3p,11556711
hsa-miR-575,4212
hsa-miR-1296-5p,10940
hsa-miR-526a-5p,445639
hsa-miR-1234-3p,644241
hsa-miR-520a-3p,2353
hsa-miR-196a-1-3p,42611257
hsa-miR-668-3p,5394
hsa-let-7b-3p,5352624
hsa-miR-381-3p,5790
hsa-miR-1233-3p,5757
hsa-miR-1-3p,54675776
hsa-miR-874-3p,4033
mmu-miR-703,5789
hsa-miR-15b-3p,444732
hsa-miR-380-3p,969516
hsa-miR-103a-2-5p,38904
hsa-miR-877-5p,5035
bdo-let-7,141643
hsa-miR-548a-3p,6167
hsa-miR-4787-5p,21633059
hsa-miR-574-5p,4033
hsa-miR-2277-3p,2767
hsa-miR-606,60750
hsa-miR-762,2907
hsa-miR-874-3p,442972
hsa-mir-24-2,21109
hsa-mir-7-3,47725
hsa-miR-663a,135403648
hsa-miR-147a,3062316
hsa-miR-924,5790
hsa-miR-4732-5p,38904
hsa-miR-3167,123596
hsa-miR-216a-5p,43815
hsa-miR-142-3p,638278
hsa-miR-3674,73581
hsa-miR-3911,123865
hsa-miR-940,9931953
hsa-miR-519a-3p,5310940
hsa-mir-196a-2,28486
hsa-miR-1229-3p,6623
hsa-miR-331-3p,119104
hsa-miR-2682-5p,107985
hsa-miR-184,451668
hsa-miR-637,5318517
hsa-miR-374b-5p,9064
hsa-miR-4284,1110
hsa-miR-4485-3p,4943
hsa-miR-185-5p,9700
hsa-miR-125a-3p,702
hsa-mir-92a-2,3386
hsa-miR-2861,31401
hsa-miR-487a-3p,9804992
hsa-miR-194-5p,123631
hsa-mir-324,3657
hsa-miR-135a-5p,5352624
hsa-miR-191-5p,24497
hsa-miR-3065-5p,107985
hsa-miR-663a,164676
hsa-miR-633,3961
hsa-miR-516b-3p,5959
hsa-miR-1265,5462222
hsa-mir-24-1,2995
hsa-mir-770,4212
hsa-miR-181c-3p,216326
hsa-miR-889-3p,11707110
hsa-miR-1244,45266826
hsa-miR-4289,2723601
hsa-miR-644a,44631912
hsa-miR-4453,176870
hsa-miR-3065-3p,36462
hsa-miR-3178,5997
hsa-miR-422a,9826528
hsa-miR-299-5p,442972
hsa-miR-559,13342
hsa-miR-4768-5p,176870
hsa-miR-370-3p,1548943
hsa-miR-506-3p,5280448
hsa-miR-4796-3p,91820602
hsa-miR-1182,3690
hsa-miR-518f-3p,3763
hsa-miR-1226-3p,448013
hsa-miR-933,8642
hsa-miR-765,5994
hsa-miR-124-3p,25262965
hsa-miR-519e-3p,5280453
hsa-miR-4669,2520
hsa-miR-188-3p,544
hsa-miR-549a-3p,104746
hsa-miR-4669,23725625
hsa-miR-127-3p,135410875
hsa-miR-127-3p,10621
hsa-miR-373-3p,445154
hsa-miR-573,439260
hsa-miR-563,60198
hsa-miR-892b,2375
hsa-miR-569,449171
hsa-miR-19a-3p,448537
hsa-miR-483-3p,60852
hsa-miR-199b-3p,3397
hsa-miR-181b-2-3p,5280343
hsa-miR-548d-3p,5073
hsa-miR-4695-3p,3345
hsa-miR-221-3p,446220
hsa-miR-296-5p,3028194
hsa-miR-378a-5p,1548943
hsa-miR-625-5p,2662
hsa-miR-22-3p,60838
hsa-miR-922,5280795
hsa-miR-383-5p,5997
hsa-miR-551b-3p,5743
hsa-miR-491-5p,24360
hsa-miR-592,171548
hsa-miR-1246,2520
hsa-miR-638,60852
hsa-miR-518c-5p,3488
hsa-miR-4644,5288209
hsa-miR-210-3p,3657
hsa-miR-371a-3p,6106
hsa-miR-942-5p,784
hsa-miR-4685-5p,5280795
hsa-miR-4286,11953817
hsa-miR-524-5p,123631
hsa-miR-1265,5281708
hsa-miR-328-3p,3028194
hsa-miR-3141,455658
hsa-miR-126-3p,2995
hsa-miR-611,91820602
hsa-miR-555,702
hsa-miR-195-5p,53232
hsa-miR-1250-5p,17754356
hsa-let-7i-3p,5352624
hsa-miR-1251-5p,6013
hsa-miR-376a-3p,10621
hsa-miR-335-3p,9547215
hsa-miR-4721,9576410
hsa-miR-1268a,11953817
hsa-miR-519e-3p,1130
hsa-miR-26b-5p,2578
hsa-miR-25-3p,89594
hsa-miR-517a-3p,141643
hsa-miR-150-5p,4091
hsa-miR-1283,5282350
hsa-miR-3168,9804992
hsa-miR-1252-5p,4943
hsa-miR-141-3p,985
hsa-miR-3164,712
hsa-miR-573,3488
hsa-miR-217-5p,42611257
hsa-miR-10a-5p,3101
hsa-miR-557,23973
hsa-miR-376b-3p,446220
hsa-mir-16-2,176870
hsa-miR-516a-3p,119307
hsa-miR-3164,15
hsa-miR-548a-3p,5280961
hsa-miR-584-5p,3345
hsa-miR-3665,5318517
hsa-miR-224-3p,5743
hsa-miR-500a-5p,31401
hsa-miR-1323,8642
hsa-miR-194-5p,3345
hsa-miR-657,3229
hsa-miR-934,4091
hsa-miR-3619-5p,122724
hsa-miR-3679-5p,46843772
hsa-miR-1915-3p,56842234
hsa-miR-1470,11707110
hsa-miR-379-5p,119104
hsa-miR-649,4641
hsa-miR-143-3p,439260
hsa-miR-1275,135403648
hsa-miR-145-5p,65064
hsa-mir-365a,24759
hsa-miR-1260b,6253
hsa-miR-4668-5p,445858
hsa-miR-381-3p,54454
hsa-miR-892b,135398735
hsa-mir-324,16197265
hsa-miR-28-5p,462382
hsa-mir-29b-1,896
hsa-miR-1236-3p,89594
hsa-miR-135a-3p,60606
hsa-miR-3074-3p,969516
hsa-miR-29c-5p,2907
hsa-miR-4650-5p,3652
hsa-miR-4707-5p,122724
hsa-miR-181a-2-3p,445580
hsa-miR-4261,5222465
hsa-miR-596,784
hsa-miR-4530,5997
hsa-miR-153-3p,5865
hsa-mir-548a-1,36314
hsa-mir-199a-2,448013
hsa-miR-3662,23725625
hsa-miR-15a-5p,31101
hsa-miR-3192-5p,21633059
hsa-miR-3185,444732
hsa-miR-4319,253602
hsa-miR-409-3p,4212
hsa-miR-132-3p,1110
hsa-miR-4633-5p,9915743
hsa-miR-654-3p,122724
hsa-miR-324-3p,60700
hsa-miR-409-3p,21109
hsa-miR-576-3p,3101
hsa-miR-637,445639
hsa-miR-939-5p,17754356
hsa-miR-139-3p,123865
hsa-miR-517c-3p,114900
hsa-miR-615-3p,1832
hsa-miR-1293,1983
hsa-miR-3911,4091
hsa-miR-371a-3p,11226684
hsa-miR-518d-3p,60823
hsa-miR-365a-3p,2995
hsa-miR-26b-3p,72301
hsa-miR-361-5p,442972
hsa-miR-504-5p,969516
hsa-miR-4750-5p,448013
hsa-miR-1296-5p,9547215
hsa-miR-4685-5p,657237
hsa-miR-302d-3p,104741
hsa-miR-1233-3p,6442177
hsa-miR-320e,452548
hsa-miR-524-5p,65064
hsa-miR-513a-3p,9931953
hsa-miR-501-5p,9444
hsa-miR-373-3p,11226684
hsa-miR-519a-3p,216326
hsa-miR-4652-5p,123631
hsa-miR-4487,21109
hsa-miR-101-3p,9064
hsa-miR-153-3p,985
hsa-miR-485-5p,790
hsa-miR-4758-3p,24360
hsa-miR-518a-3p,2733
hsa-miR-26a-1-3p,216326
hsa-miR-29a-5p,3103
hsa-miR-9-3p,451668
hsa-miR-936,60780
hsa-miR-502-5p,387447
hsa-miR-374b-3p,2520
hsa-let-7b-3p,444732
hsa-miR-345-5p,2662
hsa-miR-4675,15
hsa-miR-4473,6041
hsa-miR-26b-5p,23725625
hsa-miR-1283,4212
hsa-miR-4695-3p,60852
hsa-miR-4465,4091
hsa-mir-26a-2,5281708
hsa-miR-409-5p,2995
hsa-miR-200a-3p,141643
hsa-miR-129-2-3p,4943
hsa-mir-409,1176
hsa-miR-543,790
hsa-miR-3153,54675776
hsa-miR-4787-3p,54670067
hsa-miR-3178,9064
hsa-miR-617,6279
hsa-miR-4695-3p,5865
hsa-miR-101-5p,5462222
hsa-miR-614,5284616
hsa-miR-3196,1130
hsa-miR-140-5p,5865
mmu-miR-465b-5p,442972
hsa-miR-378b,2578
hsa-miR-30a-5p,21109
hsa-miR-3149,4763
hsa-miR-1285-3p,9444
hsa-miR-4759,667639
hsa-miR-570-3p,72304
hsa-miR-4791,6468
hsa-miR-640,2375
hsa-miR-320d,54454
hsa-let-7g-5p,54454
hsa-miR-1258,3821
hsa-miR-96-5p,5978
hsa-miR-545-3p,5951
hsa-miR-613,5222465
hsa-miR-4668-5p,6115
hsa-miR-876-3p,1176
hsa-miR-18b-3p,54675776
hsa-miR-107,91820602
hsa-miR-483-3p,4763
hsa-miR-4298,216326
hsa-mir-29b-1,14888
hsa-miR-1238-3p,135398735
hsa-miR-1269b,4891
hsa-miR-4797-5p,9826528
hsa-mir-548a-1,64971
hsa-miR-4281,17754356
hsa-miR-553,5793
hsa-miR-4530,123631
hsa-miR-1257,544
hsa-miR-708-5p,2187
hsa-miR-222-3p,41867
hsa-miR-208a-3p,449171
hsa-miR-181c-5p,21109
hsa-miR-1264,445858
hsa-miR-125a-5p,7222
hsa-miR-3907,5282350
hsa-miR-4662a-3p,449171
hsa-miR-1973,5746
hsa-miR-454-3p,5462222
hsa-miR-4723-3p,60606
hsa-miR-190a-5p,11707110
hsa-let-7i-3p,896
hsa-miR-4731-3p,60700
hsa-miR-3620-3p,119104
hsa-miR-3665,3397
hsa-miR-2113,229455
hsa-mir-196a-2,5950
hsa-miR-3127-5p,122724
hsa-miR-4664-3p,2244
hsa-miR-340-5p,261000
hsa-miR-216b-5p,25227436
hsa-miR-1202,5790
hsa-miR-500a-5p,2375
hsa-miR-193b-3p,2907
hsa-miR-509-5p,2578
hsa-miR-4470,5746
hsa-miR-4639-5p,5746
hsa-miR-569,3690
hsa-miR-338-3p,4212
hsa-miR-661,6857599
hsa-miR-302d-3p,5394
hsa-miR-1224-5p,65348
hsa-miR-27a-5p,60780
hsa-miR-887-5p,636397
hsa-miR-1976,44259
hsa-miR-1183,1176
hsa-miR-149-3p,6857599
hsa-miR-183-3p,91466
hsa-miR-411-3p,54454
hsa-miR-643,5394
hsa-miR-450a-5p,2995
hsa-miR-132-3p,3902
hsa-miR-29b-3p,439260
hsa-miR-302d-3p,119104
hsa-miR-4739,387447
hsa-mir-24-1,2733526
hsa-miR-203a-3p,3386
hsa-miR-451a,11707110
hsa-miR-124-3p,3071
hsa-miR-302b-3p,89594
hsa-miR-299-3p,60700
hsa-miR-485-3p,4624
hsa-miR-147a,6167
hsa-miR-555,1130
hsa-miR-4430,31401
hsa-miR-1301-3p,24288
hsa-miR-194-3p,42890
hsa-mir-196a-2,448013
hsa-miR-28-5p,985
hsa-miR-885-5p,444732
hsa-miR-520f-3p,89594
hsa-mir-128-2,4891
hsa-miR-4509,123631
hsa-miR-4787-5p,451668
hsa-miR-320e,6505803
hsa-miR-636,9700
hsa-miR-212-3p,1548943
hsa-miR-933,3101
hsa-miR-129-1-3p,5757
hsa-miR-302b-5p,9915743
hsa-miR-498-5p,5280343
hsa-miR-203a-3p,442428
hsa-miR-636,5462222
hsa-miR-4474-3p,2375
hsa-miR-17-5p,25183872
hsa-miR-518a-5p,3345
hsa-miR-21-5p,9064
hsa-miR-485-5p,445580
hsa-miR-4750-5p,4763
hsa-miR-497-5p,3386
hsa-miR-26b-5p,11556711
hsa-miR-377-3p,5280453
hsa-miR-499a-5p,229455
hsa-mir-542,448013
hsa-miR-127-5p,9576410
hsa-miR-27b-5p,5222465
hsa-miR-4779,11226684
hsa-miR-2052,445154
hsa-miR-3135a,2733526
hsa-miR-146b-5p,5288209
hsa-miR-216a-5p,64971
hsa-miR-205-5p,54671203
hsa-miR-892b,712
hsa-miR-606,44259
hsa-miR-216a-5p,5865
hsa-miR-4285,6089
hsa-miR-593-3p,4641
hsa-miR-223-3p,11228183
hsa-miR-150-5p,4763
hsa-miR-4720-3p,2336
hsa-miR-644a,5035
hsa-miR-3144-5p,784
hsa-miR-378e,3345
hsa-miR-4447,216239
hsa-miR-2277-3p,1548943
hsa-miR-3660,77999
hsa-miR-1249-3p,123596
hsa-miR-1286,91466
hsa-miR-4488,89594
hsa-miR-4286,6089
hsa-miR-139-3p,30323
hsa-miR-1224-5p,72304
hsa-miR-4713-5p,104842
hsa-miR-4509,2733526
hsa-miR-1285-3p,4091
hsa-mir-26a-1,171548
hsa-miR-520b-3p,667639
hsa-miR-152-3p,9915743
hsa-miR-591,10836
hsa-miR-339-5p,135398735
hsa-miR-371a-3p,2353
hsa-miR-3658,56842234
hsa-miR-4474-3p,5280360
hsa-miR-502-5p,60780
hsa-miR-107,60700
hsa-miR-3184-5p,6468
hsa-miR-449b-3p,8642
hsa-miR-299-5p,11953817
hsa-miR-571,3961
hsa-miR-1323,5073
hsa-miR-512-3p,9700
hsa-miR-205-5p,53232
hsa-miR-4501,25227436
hsa-miR-517c-3p,445154
hsa-miR-3679-5p,5280795
hsa-miR-1246,15
hsa-miR-502-3p,439530
hsa-miR-4796-3p,5280343
hsa-miR-4516,24759
hsa-mir-1285-1,31101
hsa-miR-299-5p,3690
hsa-miR-649,3103
hsa-miR-583,3062316
hsa-miR-3917,91466
hsa-miR-1247-5p,31101
hsa-miR-136-5p,135403648
hsa-miR-518f-3p,1983
hsa-miR-4674,636397
hsa-miR-301a-3p,1130
hsa-miR-1286,445639
hsa-miR-3907,15939
hsa-miR-609,23725625
hsa-miR-874-3p,229455
hsa-miR-548m,9949648
hsa-miR-1468-5p,9931953
hsa-miR-3662,5281708
hsa-miR-202-3p,5865
hsa-miR-4710,5280343
hsa-miR-598-3p,44631912
hsa-miR-1288-3p,135403648
hsa-miR-610,25183872
hsa-mir-542,43815
hsa-miR-26b-3p,122634
hsa-miR-4484,3386
hsa-miR-519d-3p,123596
hsa-miR-424-5p,24360
hsa-miR-597-5p,16197265
hsa-miR-345-5p,657237
hsa-miR-766-3p,6623
hsa-miR-150-3p,24497
hsa-miR-302f,3652
hsa-miR-4252,3071
hsa-miR-296-3p,439260
hsa-miR-342-5p,451668
hsa-miR-129-5p,5280795
hsa-miR-203b-3p,36462
efu-miR-128b,13342
hsa-miR-1206,60823
hsa-miR-4772-5p,10836
hsa-miR-4767,60780
hsa-mir-128-2,6106
hsa-miR-135a-3p,5360373
hsa-miR-885-5p,2244
hsa-miR-570-3p,442793
hsa-miR-4707-5p,91820602
hsa-miR-3914,126941
hsa-miR-1224-5p,6167
hsa-miR-219a-5p,145858
hsa-miR-518f-3p,135403648
hsa-miR-103a-2-5p,452548
hsa-miR-377-3p,42113
hsa-miR-3131,123596
hsa-miR-621,3397
hsa-mir-409,4158
hsa-miR-520g-3p,5816
hsa-miR-15a-3p,5035
hsa-miR-373-5p,1176
hsa-miR-147a,2244
hsa-miR-4257,156413
hsa-miR-497-5p,54670067
hsa-miR-4474-3p,43815
hsa-miR-509-5p,11228183
hsa-miR-151a-3p,9804992
hsa-miR-381-3p,644241
hsa-miR-3167,145858
hsa-miR-2114-5p,5284616
hsa-miR-1252-5p,6623
hsa-miR-4475,24288
hsa-miR-1281,1176
hsa-miR-1197,638278
hsa-miR-1914-5p,5281708
hsa-miR-4487,784
pny-miR-19c,5743
hsa-miR-361-3p,5460341
hsa-miR-4289,2733526
hsa-miR-802,2051
hsa-miR-1224-3p,42611257
hsa-miR-4703-5p,24288
hsa-miR-587,10940
hsa-miR-196a-5p,1548943
hsa-mir-1285-1,24759
hsa-miR-1267,60750
hsa-miR-3619-5p,25227436
hsa-miR-219a-2-3p,1832
hsa-miR-544a,667639
efu-miR-128b,47318
hsa-miR-887-5p,2520
hsa-mir-409,3564
hsa-miR-2116-3p,97226
hsa-miR-1269b,15625
hsa-miR-3180-5p,11626560
hsa-mir-153-2,702
hsa-miR-510-5p,790
hsa-mir-26a-1,11707110
hsa-miR-147a,6057
hsa-miR-3162-5p,4763
pny-miR-19c,156413
hsa-miR-134-5p,24759
hsa-miR-627-5p,45266826
hsa-miR-1288-3p,9931953
hsa-miR-3193,896
hsa-miR-181b-2-3p,689043
hsa-miR-632,261000
hsa-miR-448,145858
hsa-miR-1273c,11226684
hsa-mir-125b-2,141643
hsa-miR-1469,31703
hsa-miR-204-5p,17754356
hsa-miR-1299,13089
hsa-miR-107,5280427
hsa-miR-4779,24978538
hsa-miR-885-5p,2907
hsa-miR-576-5p,23725625
hsa-miR-4749-3p,455658
hsa-miR-147a,208908
hsa-miR-654-3p,10635
hsa-miR-520c-3p,253602
hsa-miR-3192-5p,135410875
hsa-miR-1202,11556711
hsa-miR-95-5p,4033
hsa-miR-10b-3p,108065
hsa-miR-122-5p,104741
hsa-miR-125b-2-3p,5994
hsa-miR-5703,6857599
hsa-miR-135a-3p,285033
hsa-mir-324,54675776
hsa-miR-3195,2733526
hsa-miR-922,5280360
hsa-miR-515-3p,5394
hsa-miR-302c-3p,10940
hsa-miR-30c-2-3p,44631912
hsa-miR-92b-3p,5284373
hsa-miR-4652-5p,5994
hsa-miR-191-5p,156413
hsa-miR-4454,4943
hsa-miR-608,54675776
hsa-miR-338-5p,5280360
hsa-miR-329-3p,65015
hsa-miR-423-3p,3961
hsa-miR-138-2-3p,2187
hsa-miR-4454,9576410
hsa-miR-199b-5p,3763
hsa-miR-4687-5p,135410875
hsa-miR-183-3p,5284373
hsa-mir-199a-1,2662
hsa-miR-767-5p,37542
hsa-mir-548a-1,176870
hsa-miR-218-1-3p,442793
hsa-miR-34b-5p,2723601
hsa-miR-1234-3p,3345
hsa-miR-521,41867
hsa-miR-1307-3p,4891
hsa-miR-1258,5755
hsa-miR-885-3p,3117
hsa-let-7a-2,56842234
hsa-miR-3614-3p,5282350
hsa-miR-320d,3488
hsa-miR-4700-5p,54671203
hsa-miR-3135a,24759
hsa-miR-3164,4091
hsa-miR-4804-5p,162282
hsa-miR-516b-3p,3690
hsa-miR-643,54454
hsa-miR-4680-3p,6468
hsa-miR-637,969516
hsa-miR-129-2-3p,3121
hsa-miR-2467-3p,36314
hsa-miR-4261,5743
hsa-miR-676-3p,460612
hsa-miR-593-3p,4763
hsa-miR-342-5p,3397
hsa-miR-609,44259
hsa-miR-323b-5p,119307
hsa-miR-206,4624
hsa-miR-3960,9700
hsa-miR-507,47318
hsa-miR-1303,108065
hsa-miR-4501,5978
hsa-mir-365a,3386
hsa-miR-100-5p,42890
hsa-miR-1207-5p,3229
hsa-miR-373-3p,42611257
hsa-miR-583,123631
hsa-miR-320b,60852
hsa-miR-194-3p,41867
hsa-miR-335-3p,11707110
hsa-miR-2355-3p,104741
hsa-miR-514a-3p,77999
hsa-miR-3183,24978538
hsa-miR-4739,5310940
hsa-miR-598-5p,4091
hsa-miR-188-5p,7222
hsa-let-7f-1,42113
hsa-miR-142-5p,3028194
hsa-miR-760,5281708
hsa-miR-324-5p,446220
hsa-miR-628-5p,5311
hsa-miR-3960,5997
hsa-let-7f-1,60780
hsa-miR-4774-5p,3763
hsa-miR-181d-5p,4641
hsa-mir-19b-1,6115
hsa-miR-32-5p,104741
hsa-miR-574-5p,56842234
hsa-miR-371b-3p,24288
hsa-miR-380-5p,6089
hsa-miR-17-3p,5950
hsa-miR-4487,104746
hsa-miR-5703,5311
hsa-miR-4252,3229
hsa-miR-342-5p,123596
hsa-miR-132-3p,6279
hsa-miR-920,156413
hsa-miR-22-5p,15625
hsa-miR-331-3p,141643
hsa-miR-331-5p,253602
hsa-miR-1183,5881
hsa-miR-4448,439260
hsa-miR-4501,445639
hsa-miR-223-3p,47725
hsa-miR-485-5p,23973
hsa-miR-3907,790
hsa-let-7a-3p,42611257
hsa-miR-579-3p,24497
hsa-miR-1244,1175
hsa-miR-4463,5329102
hsa-miR-3164,10621
hsa-miR-4324,123631
hsa-miR-126-3p,64971
hsa-miR-26a-5p,36462
hsa-miR-4633-5p,126941
hsa-miR-1183,11707110
hsa-miR-518f-3p,4158
hsa-miR-188-5p,5361
hsa-miR-1291,657237
hsa-miR-4727-3p,3902
hsa-miR-766-3p,104842
hsa-miR-24-2-5p,30323
hsa-miR-183-3p,4763
hsa-miR-34c-3p,2767
hsa-miR-3672,37542
hsa-miR-129-1-3p,2244
hsa-miR-200a-3p,24288
hsa-miR-3167,15625
hsa-miR-449c-5p,60700
hsa-miR-122b-5p,3821
hsa-miR-588,25227436
hsa-miR-483-3p,56649450
hsa-miR-4646-3p,5951
hsa-miR-24-2-5p,10836
hsa-miR-4758-5p,445580
hsa-miR-4271,3103
hsa-miR-125b-5p,644241
hsa-miR-3126-5p,444732
hsa-miR-16-2-3p,10940
hsa-miR-23a-3p,60953
hsa-miR-34c-3p,3564
hsa-miR-135a-5p,5318517
hsa-mir-125b-2,3062316
hsa-miR-99a-5p,261000
hsa-miR-194-5p,107985
hsa-miR-520g-3p,25262965
hsa-miR-4474-3p,3101
hsa-miR-489-3p,5280343
hsa-miR-185-5p,2733
hsa-miR-4675,43815
hsa-miR-1202,229455
hsa-miR-497-5p,9700
hsa-miR-934,60780
hsa-miR-3164,14888
hsa-miR-658,4091
hsa-miR-93-5p,5361
hsa-miR-887-3p,122724
hsa-miR-2355-5p,45266826
hsa-miR-3065-3p,445154
hsa-miR-675-5p,3117
hsa-miR-639,445154
hsa-miR-374b-5p,43815
hsa-miR-152-3p,5281708
hsa-miR-378c,11953817
hsa-miR-455-5p,5280453
hsa-miR-3163,5282350
hsa-miR-139-3p,37542
hsa-miR-1252-5p,229455
hsa-miR-191-5p,24288
hsa-miR-513b-5p,145858
hsa-miR-4676-5p,241
hsa-miR-616-3p,1110
hsa-miR-525-3p,38904
hsa-miR-320a-3p,5881
hsa-miR-125b-5p,54675776
hsa-miR-4297,638278
hsa-miR-620,31101
hsa-miR-1291,1983
hsa-miR-542-5p,6253
hsa-miR-21-5p,73581
hsa-miR-497-5p,5790
hsa-miR-34a-5p,162282
hsa-miR-3194-5p,47318
hsa-miR-3127-5p,42611257
hsa-miR-563,5757
hsa-miR-4796-3p,11228183
hsa-miR-370-3p,11626560
hsa-miR-335-3p,123631
hsa-miR-383-5p,141643
hsa-miR-623,445154
hsa-miR-3681-5p,15
hsa-miR-520e-3p,60780
hsa-miR-3180-5p,2995
hsa-miR-30c-1-3p,9444
hsa-miR-519d-3p,4158
hsa-miR-513a-5p,3690
hsa-miR-20b-5p,1175
hsa-miR-4530,43815
hsa-miR-1468-5p,5352624
hsa-miR-4791,5280453
hsa-miR-191-5p,36462
hsa-miR-570-3p,657237
hsa-miR-346,3103
hsa-miR-202-3p,261000
hsa-miR-639,89594
hsa-miR-196a-3p,261000
hsa-miR-520g-3p,77999
hsa-miR-570-3p,208908
hsa-miR-365b-3p,5881
hsa-miR-382-5p,108065
hsa-miR-18b-5p,16197265
hsa-miR-31-3p,53232
mmu-miR-878-3p,5394
hsa-miR-1249-3p,5280427
hsa-miR-4779,60750
hsa-miR-6134,644241
hsa-miR-498-5p,544
hsa-miR-449b-3p,712
hsa-miR-935,38904
hsa-miR-4470,5310940
hsa-miR-190a-5p,3062316
hsa-miR-27b-5p,5280343
hsa-miR-92a-2-5p,985
hsa-miR-520g-3p,91466
hsa-miR-611,42611257
hsa-miR-3177-3p,119307
hsa-miR-4508,2187
hsa-miR-15a-5p,37542
hsa-miR-337-5p,3385
hsa-miR-126-5p,60750
hsa-miR-2277-3p,460612
hsa-miR-876-3p,6106
hsa-miR-372-3p,28486
hsa-miR-23b-3p,5950
hsa-miR-1204,216239
hsa-miR-496,77999
hsa-mir-153-2,4943
hsa-miR-410-3p,644241
hsa-miR-3660,4033
hsa-miR-545-3p,6468
hsa-miR-4430,261000
hsa-miR-432-5p,6623
hsa-miR-515-5p,123631
hsa-miR-1236-3p,13089
hsa-miR-19b-3p,11226684
hsa-miR-520g-3p,5790
hsa-miR-32-3p,2051
hsa-miR-4535,44259
hsa-miR-4700-5p,445580
hsa-miR-454-5p,60198
hsa-let-7f-1,3961
hsa-miR-302d-3p,3101
hsa-miR-19b-3p,3006531
hsa-miR-297,36314
hsa-miR-181c-3p,3101
hsa-miR-3620-3p,13342
hsa-miR-4723-3p,5352624
hsa-miR-4777-5p,6013
hsa-miR-448,23973
hsa-miR-29c-5p,42113
hsa-miR-662,3690
hsa-miR-675-5p,5280343
hsa-miR-620,451668
hsa-miR-153-3p,3763
hsa-miR-2117,171548
hsa-miR-373-3p,11228183
hsa-miR-551b-3p,446220
hsa-miR-5703,5757
hsa-miR-4779,60606
hsa-miR-378i,985
hsa-miR-320c,24360
hsa-miR-495-3p,3652
hsa-let-7b-5p,9931953
hsa-miR-889-5p,25227436
hsa-miR-1267,702
hsa-miR-601,60750
hsa-mir-770,60838
hsa-miR-130a-3p,15
hsa-miR-151a-3p,2767
hsa-miR-4676-5p,11626560
hsa-miR-642a-5p,442793
hsa-miR-512-5p,1176
hsa-miR-422a,5462222
hsa-miR-891a-5p,9949648
hsa-miR-186-3p,6106
hsa-miR-5703,89594
hsa-miR-9-3p,11228183
hsa-miR-98-5p,6013
hsa-miR-143-5p,8642
hsa-miR-297,451668
hsa-miR-219a-5p,162282
hsa-miR-3945,60700
hsa-miR-577,2767
hsa-miR-4722-5p,261000
pny-miR-19c,11626560
hsa-miR-193b-3p,667639
hsa-miR-449b-5p,119307
hsa-miR-23c,261000
hsa-miR-127-5p,91466
hsa-miR-29c-3p,455658
hsa-miR-1303,6037
hsa-miR-1252-5p,5793
hsa-miR-30e-5p,442428
hsa-miR-630,216326
hsa-miR-98-5p,5360373
hsa-miR-382-5p,119307
hsa-miR-20b-5p,25183872
hsa-miR-4759,9915743
hsa-miR-548a-3p,123865
hsa-miR-520g-3p,442428
hsa-miR-216b-5p,644241
hsa-miR-130b-3p,4624
hsa-miR-765,5746
hsa-miR-4759,42890
hsa-miR-877-3p,2733
hsa-miR-184,15625
hsa-miR-34c-3p,2187
hsa-miR-626,5361
hsa-miR-3173-3p,5318517
hsa-miR-145-5p,3101
hsa-miR-34c-5p,2995
hsa-miR-1256,5352624
hsa-miR-920,5288826
hsa-miR-145-5p,9576410
hsa-miR-371a-5p,13089
hsa-miR-4473,56649450
hsa-mir-542,25227436
hsa-miR-212-3p,60700
hsa-miR-181c-5p,6468
hsa-miR-223-3p,65348
hsa-miR-3065-3p,91466
hsa-miR-1206,1983
hsa-miR-519c-5p,2907
hsa-miR-520e-3p,6468
hsa-miR-409-5p,3564
hsa-miR-320d,5280453
hsa-let-7a-3p,41867
hsa-miR-3163,56649450
hsa-miR-3621,6089
hsa-miR-3144-5p,5978
hsa-miR-454-3p,5816
hsa-miR-3146,1110
hsa-miR-1286,3386
hsa-miR-4797-5p,30323
hsa-miR-4252,5360373
hsa-miR-3150b-3p,73581
hsa-miR-195-5p,2578
hsa-miR-642a-5p,4624
hsa-miR-4735-3p,15939
hsa-miR-1260b,10621
hsa-miR-516b-5p,3345
hsa-miR-1275,1983
hsa-mir-542,4943
hsa-miR-122b-5p,54675776
hsa-miR-514a-3p,5360373
hsa-miR-663a,5994
hsa-miR-137-3p,208908
hsa-miR-605-5p,6623
hsa-miR-3195,5816
hsa-miR-107,135398735
hsa-miR-505-3p,1175
hsa-miR-1972,253602
hsa-miR-3168,6167
hsa-miR-4426,4095
hsa-mir-128-2,5538
hsa-miR-376a-3p,5394
hsa-miR-889-3p,445154
hsa-miR-383-5p,216239
hsa-miR-520h,5755
hsa-miR-411-5p,4763
hsa-miR-301a-3p,135403648
hsa-miR-4653-3p,164676
hsa-miR-367-3p,455658
hsa-miR-652-3p,445639
hsa-miR-589-5p,5035
hsa-miR-15a-3p,6115
hsa-miR-9-3p,31703
hsa-miR-30b-5p,10621
hsa-miR-505-3p,6167
hsa-miR-4779,439530
hsa-miR-410-3p,3028194
hsa-miR-199a-3p,17754356
hsa-miR-3193,449171
hsa-miR-518d-5p,6279
hsa-miR-1908-5p,24497
hsa-miR-422a,4095
hsa-miR-654-5p,5816
hsa-miR-518c-3p,689043
hsa-miR-4484,6167
hsa-mir-92a-2,14888
hsa-miR-3174,2907
hsa-miR-139-5p,4212
hsa-miR-4759,47725
hsa-miR-139-5p,462382
hsa-miR-3152-3p,145858
hsa-miR-518a-3p,5538
hsa-miR-1307-3p,104741
hsa-miR-663b,36314
hsa-miR-548a-3p,689043
hsa-miR-34a-3p,241
hsa-miR-497-5p,97226
hsa-miR-662,5816
hsa-miR-4685-3p,11707110
hsa-miR-524-3p,9576410
hsa-miR-626,1832
efu-miR-128b,638278
hsa-miR-1293,24759
hsa-let-7f-1-3p,9700
hsa-miR-378f,23973
hsa-miR-19a-3p,1983
hsa-miR-302b-3p,229455
hsa-miR-3662,5310940
hsa-miR-4646-3p,1110
hsa-miR-516b-3p,2907
hsa-miR-616-3p,6279
hsa-miR-3161,148124
hsa-miR-106a-3p,9915743
hsa-miR-3188,784
hsa-miR-127-3p,445639
hsa-miR-3668,6167
hsa-miR-1236-3p,104741
hsa-miR-1233-3p,689043
hsa-miR-4711-3p,122724
hsa-miR-21-5p,54670067
hsa-let-7f-5p,123596
hsa-miR-642a-5p,2244
hsa-miR-103a-3p,444795
hsa-miR-583,7222
hsa-miR-103a-2-5p,15625
hsa-miR-199b-3p,6037
hsa-miR-1271-5p,4033
hsa-miR-492,64971
hsa-miR-424-5p,6279
hsa-miR-139-3p,23725625
hsa-miR-550a-3p,3117
hsa-miR-520b-3p,5755
hsa-miR-93-5p,3657
hsa-miR-181c-3p,9444
hsa-miR-4483,56649450
hsa-mir-7-3,122724
hsa-miR-526a-5p,5280360
hsa-miR-4758-5p,72301
hsa-miR-525-3p,54670067
hsa-miR-3672,229455
hsa-miR-31-3p,135398735
hsa-miR-346,4763
hsa-miR-95-3p,31401
hsa-miR-379-5p,60700
hsa-miR-1908-5p,46843772
hsa-miR-595,2907
hsa-miR-1321,2733
hsa-miR-1238-3p,148124
hsa-miR-4693-5p,53232
hsa-miR-200a-3p,56649450
hsa-miR-1538,448537
hsa-miR-29c-5p,5950
hsa-miR-483-3p,122724
hsa-miR-548h-5p,9931953
hsa-miR-448,9804992
hsa-miR-1323,24978538
hsa-miR-4773,5951
hsa-miR-410-3p,5283344
hsa-miR-635,790
hsa-miR-518b,462382
hsa-miR-509-5p,60700
hsa-miR-4703-5p,9949648
hsa-miR-138-5p,31101
hsa-miR-301b-3p,5460341
hsa-miR-3659,5790
hsa-miR-5703,5460341
hsa-miR-2278,444795
hsa-miR-3914,11953817
hsa-miR-3130-5p,2520
hsa-miR-921,60852
hsa-miR-4497,5280360
hsa-miR-4467,31703
hsa-miR-1825,667639
hsa-miR-630,7222
hsa-miR-543,442972
hsa-miR-330-5p,9444
hsa-miR-183-3p,9915743
hsa-miR-519d-3p,28486
hsa-miR-4723-3p,91820602
hsa-miR-1913,5280448
hsa-miR-4664-3p,53232
hsa-miR-149-5p,24759
hsa-miR-331-5p,176870
hsa-miR-3135a,3345
hsa-miR-196a-1-3p,3902
hsa-miR-513b-5p,5394
hsa-miR-934,3652
hsa-miR-1248,4091
hsa-miR-1238-3p,6442177
hsa-miR-371b-3p,985
hsa-miR-2113,16197265
hsa-miR-10a-5p,2353
hsa-miR-1288-3p,2353
hsa-miR-4650-5p,65348
hsa-miR-31-3p,11228183
hsa-miR-660-5p,89594
hsa-miR-410-3p,6167
hsa-miR-3185,445434
hsa-miR-4281,5789
hsa-miR-15a-5p,5283344
hsa-miR-193a-5p,5790
hsa-miR-643,3657
hsa-miR-485-5p,9804992
hsa-miR-488-3p,3028194
hsa-miR-563,122724
hsa-miR-1238-3p,644241
hsa-miR-4765,3028194
hsa-miR-3147,442972
hsa-miR-15b-5p,6505803
hsa-miR-30c-2-3p,4641
hsa-miR-640,3821
hsa-miR-105-5p,6167
hsa-miR-3177-3p,6115
hsa-miR-1255b-5p,108065
hsa-miR-181d-3p,5311
hsa-miR-509-3p,2187
hsa-miR-29b-3p,104842
hsa-miR-555,5462222
hsa-miR-367-3p,31101
hsa-miR-449b-5p,638278
hsa-miR-548c-5p,6106
hsa-miR-652-3p,5291
hsa-miR-3614-3p,5743
hsa-miR-4735-3p,60838
hsa-miR-135a-3p,4091
hsa-miR-202-3p,126941
hsa-miR-18a-3p,3071
hsa-miR-185-5p,9915743
hsa-miR-150-3p,2336
hsa-miR-574-3p,171548
hsa-miR-449a,54454
hsa-miR-640,1130
hsa-miR-425-5p,4033
hsa-miR-4504,896
hsa-miR-718,2187
hsa-miR-3681-5p,9804992
hsa-miR-938,13089
hsa-miR-621,41867
hsa-miR-744-5p,5978
hsa-miR-4668-5p,5035
hsa-miR-578,5280961
hsa-mir-1285-1,24497
hsa-miR-606,97226
hsa-miR-302a-3p,119307
hsa-miR-409-3p,8642
hsa-miR-1252-5p,65348
hsa-miR-661,5462222
hsa-miR-3192-5p,11626560
hsa-mir-128-2,45266826
hsa-mir-153-2,3386
hsa-miR-29b-2-5p,11953817
hsa-miR-519c-3p,969516
hsa-miR-4476,60780
hsa-miR-412-3p,89594
hsa-miR-924,5280961
hsa-miR-338-5p,2733
hsa-miR-16-1-3p,216239
hsa-miR-1207-5p,6279
hsa-miR-1288-3p,452548
hsa-miR-105-5p,445639
hsa-miR-1197,8642
hsa-miR-4700-5p,3690
hsa-miR-30c-1-3p,216326
hsa-miR-326,3564
hsa-miR-1247-5p,2767
hsa-miR-3665,3564
hsa-miR-339-5p,4033
hsa-miR-660-5p,60953
hsa-miR-188-5p,9547215
hsa-miR-1290,1110
hsa-miR-487a-3p,6115
hsa-miR-191-3p,176870
hsa-miR-601,124886
hsa-miR-487b-3p,15625
hsa-miR-3130-5p,46843772
hsa-miR-96-5p,15
hsa-miR-466,164676
hsa-mir-548h-2,445639
hsa-miR-19b-1-5p,5951
hsa-miR-3619-5p,60606
hsa-miR-625-5p,1548943
hsa-let-7c-5p,107985
hsa-miR-550a-5p,253602
hsa-miR-4674,10621
hsa-mir-7-3,21633059
hsa-miR-519b-3p,5978
hsa-miR-631,141643
hsa-miR-7-1-3p,119104
hsa-miR-34b-3p,3488
hsa-miR-193b-3p,54454
hsa-miR-496,896
hsa-miR-450a-5p,5360373
hsa-miR-1269a,156413
hsa-miR-3654,5352624
hsa-miR-568,6037
hsa-miR-126-5p,5291
hsa-miR-4787-3p,65015
hsa-miR-3196,162282
hsa-miR-1206,43815
hsa-miR-30d-5p,444795
hsa-miR-3907,4891
hsa-miR-410-5p,23973
hsa-miR-125a-3p,3821
hsa-miR-675-5p,644241
hsa-miR-466,10836
hsa-miR-1258,5288209
hsa-miR-573,60780
hsa-miR-1253,5951
hsa-miR-4678,9915743
hsa-miR-518e-3p,23725625
hsa-miR-126-5p,4641
hsa-miR-4463,5280961
hsa-miR-4711-3p,445154
hsa-miR-4474-3p,54454
hsa-miR-200a-3p,77999
hsa-miR-106a-3p,135410875
hsa-miR-513b-5p,5280795
hsa-miR-129-1-3p,5283344
hsa-miR-496,2733526
hsa-miR-4487,21633059
hsa-miR-202-5p,6013
hsa-miR-19b-3p,11626560
hsa-miR-525-3p,2662
hsa-miR-645,60606
hsa-miR-520h,104746
hsa-miR-1257,3397
hsa-miR-3193,10940
hsa-miR-188-3p,3397
hsa-miR-187-3p,3652
hsa-miR-199b-3p,5793
hsa-miR-455-5p,6623
hsa-miR-1257,5361
hsa-miR-4453,17754356
hsa-miR-181a-3p,261000
hsa-miR-93-5p,17754356
hsa-miR-331-5p,6106
hsa-miR-3125,9700
hsa-miR-1200,4033
hsa-miR-3621,702
hsa-miR-548m,164676
hsa-miR-4485-3p,124886
hsa-miR-138-5p,53232
hsa-miR-361-3p,60852
hsa-miR-708-5p,451668
hsa-miR-597-5p,4091
hsa-miR-4306,442972
hsa-miR-2467-3p,6106
hsa-miR-598-3p,37542
hsa-miR-571,42113
hsa-miR-940,30323
hsa-miR-620,5361
hsa-miR-431-5p,24978538
hsa-miR-320d,4763
hsa-miR-466,985
hsa-miR-136-5p,25262965
hsa-miR-3914,65015
hsa-miR-1321,448537
hsa-miR-3177-3p,5997
hsa-let-7f-5p,3397
hsa-miR-501-5p,148124
hsa-miR-32-3p,1110
hsa-miR-3152-3p,1832
hsa-miR-4463,108065
hsa-miR-3195,45266826
hsa-miR-219a-5p,5280343
hsa-miR-302b-5p,5746
hsa-miR-135a-5p,6167
hsa-miR-216a-5p,3229
hsa-miR-346,216239
hsa-miR-4476,2375
hsa-miR-224-5p,89594
hsa-miR-4315,3071
hsa-miR-614,2244
hsa-miR-181c-5p,985
hsa-miR-193b-3p,65348
hsa-miR-99b-5p,10940
hsa-mir-548a-2,3345
hsa-miR-769-5p,156413
hsa-miR-34b-3p,97226
hsa-miR-1277-3p,3103
hsa-miR-27a-3p,3488
hsa-miR-125a-5p,387447
hsa-miR-659-3p,10635
hsa-miR-451a,712
hsa-miR-4774-5p,30323
hsa-miR-128-3p,3028194
hsa-miR-371a-3p,5755
hsa-miR-30e-3p,9547215
hsa-miR-582-3p,442972
hsa-miR-374c-5p,442428
hsa-miR-4257,9931953
hsa-mir-770,2995
hsa-miR-484,5280360
hsa-miR-9-3p,5288209
hsa-miR-1-3p,3229
hsa-miR-519c-3p,241
hsa-miR-4297,6857599
hsa-miR-92a-3p,216239
hsa-mir-1285-1,8642
hsa-miR-4725-3p,91466
hsa-miR-25-5p,5280448
hsa-miR-504-5p,126941
hsa-miR-378g,5959
hsa-miR-126-5p,45266826
hsa-miR-196a-3p,4763
hsa-miR-325,9700
hsa-miR-4639-5p,28486
hsa-miR-4478,60838
hsa-miR-15a-5p,3763
hsa-miR-4430,5280961
hsa-mir-1207,3385
hsa-miR-448,253602
hsa-miR-1200,445639
hsa-miR-651-5p,689043
hsa-miR-4473,5280453
hsa-miR-4646-3p,445154
hsa-miR-425-5p,5746
hsa-miR-1912-3p,91820602
hsa-miR-590-3p,667639
hsa-miR-124-3p,53232
hsa-miR-3960,442428
hsa-miR-1183,451668
hsa-miR-548c-3p,3345
hsa-miR-4687-5p,21633059
hsa-miR-598-5p,9547215
hsa-miR-885-5p,124886
hsa-miR-501-5p,65110
hsa-miR-4745-5p,123596
hsa-miR-887-3p,5361
hsa-miR-638,3062316
hsa-miR-523-3p,5284373
hsa-miR-4639-5p,3071
hsa-mir-548h-2,445154
hsa-miR-2682-5p,30323
hsa-miR-127-3p,4943
hsa-miR-491-5p,164676
hsa-miR-3907,445639
hsa-miR-4728-3p,261004
hsa-miR-320d,3220
hsa-miR-4661-3p,21633059
hsa-miR-4284,445580
hsa-miR-944,3103
hsa-miR-1181,5280360
mmu-miR-465b-5p,6167
hsa-miR-183-3p,54675776
hsa-miR-3620-3p,47318
hsa-miR-4689,10621
hsa-miR-629-5p,2051
hsa-miR-4475,114900
hsa-miR-518a-3p,16197265
hsa-miR-376c-3p,72304
hsa-miR-520a-3p,544
hsa-miR-3180,5311
hsa-miR-1297,5743
hsa-miR-302b-5p,5997
hsa-miR-4729,445154
hsa-miR-19b-3p,73581
hsa-miR-622,6037
hsa-miR-582-3p,31703
hsa-miR-769-5p,4212
hsa-miR-4455,5789
hsa-miR-668-3p,5222465
hsa-miR-186-3p,123631
hsa-miR-187-3p,11953817
hsa-miR-603,4891
hsa-miR-606,5755
hsa-miR-4653-5p,2723601
hsa-miR-4535,452548
hsa-miR-3663-3p,65348
hsa-miR-1287-5p,689043
hsa-miR-769-3p,2375
hsa-miR-4518,1110
hsa-miR-454-5p,2187
hsa-miR-518d-3p,24360
hsa-miR-2355-5p,24759
hsa-miR-552-3p,455658
hsa-miR-613,171548
hsa-miR-892a,2520
hsa-miR-30c-2-3p,451668
hsa-miR-222-3p,5816
hsa-miR-607,3071
hsa-miR-34a-5p,5394
hsa-miR-513c-5p,712
hsa-miR-613,16197265
hsa-miR-30b-5p,3961
hsa-miR-142-5p,25183872
hsa-miR-632,122634
hsa-miR-4530,44259
hsa-miR-4521,60780
hsa-miR-30a-5p,31401
hsa-miR-103a-2-5p,10184653
hsa-miR-618,23725625
hsa-miR-378c,15625
hsa-miR-571,3121
hsa-miR-4252,2662
hsa-miR-509-5p,1548943
hsa-miR-221-3p,449171
hsa-miR-589-3p,896
hsa-miR-518a-5p,6089
hsa-miR-3139,104746
hsa-miR-17-5p,439530
hsa-miR-922,6057
hsa-miR-129-5p,460612
hsa-miR-888-5p,54454
hsa-miR-373-5p,11953817
hsa-miR-4655-5p,9547215
hsa-miR-143-5p,3229
hsa-miR-4430,5318517
hsa-miR-18b-3p,141643
hsa-miR-521,2051
hsa-let-7b-5p,5460341
hsa-miR-4467,104842
hsa-miR-551a,5035
hsa-miR-3662,448013
hsa-miR-342-3p,2662
hsa-miR-513c-5p,3564
hsa-miR-492,445858
hsa-miR-411-3p,5222465
hsa-miR-516a-5p,5280453
hsa-miR-3679-5p,5394
hsa-miR-219a-1-3p,5951
hsa-miR-378a-3p,2244
hsa-miR-1285-3p,14403
hsa-miR-609,9826528
hsa-miR-129-2-3p,2578
hsa-miR-135a-5p,3902
hsa-miR-199a-5p,5757
hsa-miR-508-3p,25227436
hsa-miR-522-3p,1548943
hsa-miR-378a-5p,15
hsa-miR-4478,216345
hsa-miR-101-5p,42113
hsa-miR-572,11228183
hsa-miR-34a-3p,11953817
hsa-miR-26b-3p,42113
hsa-miR-1248,2995
hsa-miR-520c-3p,4095
hsa-miR-597-5p,5950
hsa-miR-1290,60198
hsa-miR-142-3p,44631912
hsa-miR-1293,60606
hsa-miR-202-5p,5073
hsa-miR-193b-5p,4763
hsa-miR-2116-3p,45266826
hsa-miR-191-5p,9700
hsa-miR-518a-3p,544
hsa-miR-3659,3220
hsa-let-7c-5p,21633059
hsa-miR-494-3p,25183872
hsa-miR-34c-5p,9804992
hsa-miR-3659,689043
hsa-miR-607,10621
hsa-miR-28-5p,56649450
hsa-miR-3163,4158
hsa-miR-577,3488
hsa-miR-493-3p,5994
hsa-miR-382-5p,114900
hsa-miR-1224-5p,6623
hsa-miR-25-5p,5881
hsa-let-7e-5p,5280795
hsa-mir-770,3220
hsa-miR-151a-5p,5959
hsa-miR-4298,104842
hsa-miR-515-3p,5282350
hsa-miR-4664-3p,21633059
hsa-miR-767-5p,24978538
hsa-miR-4530,5280453
hsa-miR-576-3p,72304
hsa-miR-33b-5p,21633059
hsa-miR-138-1-3p,5280961
hsa-miR-625-5p,896
hsa-miR-147b-3p,56649450
hsa-miR-519e-3p,5284373
hsa-miR-27b-5p,5291
hsa-let-7d-3p,229455
hsa-miR-370-3p,13089
hsa-let-7d-5p,31401
hsa-miR-1197,5288209
hsa-miR-1256,5280360
hsa-miR-1301-3p,91466
hsa-miR-191-5p,60700
