hsa-mir-524,91820602
hsa-mir-1248,387447
hsa-mir-455,5311
hsa-mir-2116,60953
hsa-mir-548b,156413
hsa-mir-520d,9915743
hsa-mir-640,45266826
hsa-mir-1271,44259
hsa-mir-574,10635
hsa-mir-107,91820602
hsa-mir-195,9915743
hsa-mir-4763,36314
hsa-mir-485,3385
hsa-mir-3161,72301
hsa-mir-4476,3006531
hsa-mir-4467,65348
hsa-mir-4664,4891
hsa-mir-620,6253
hsa-mir-149,2051
hsa-mir-4678,3657
hsa-mir-24-1,104842
hsa-mir-3144,6505803
hsa-mir-449c,6505803
hsa-mir-202,60953
hsa-mir-1267,37542
hsa-mir-4722,64971
hsa-mir-4324,126941
hsa-mir-555,657237
hsa-mir-4501,11626560
hsa-mir-584,54671203
hsa-mir-4427,60953
hsa-mir-4711,60953
hsa-mir-921,9903
hsa-mir-520h,657237
hsa-mir-4478,65348
hsa-mir-24-1,60750
hsa-mir-569,54671203
hsa-mir-1303,2578
hsa-mir-1306,24978538
hsa-mir-587,97226
hsa-mir-450b,72301
hsa-mir-517b,104842
hsa-mir-4711,241903
hsa-mir-3621,5755
hsa-mir-3960,216345
hsa-mir-622,784
hsa-mir-4427,65348
hsa-mir-1207,448013
hsa-mir-940,460612
hsa-mir-373,91820602
hsa-mir-520f,60780
hsa-let-7c,36462
hsa-mir-924,104741
hsa-mir-522,448013
hsa-mir-541,448013
hsa-mir-561,9903
hsa-mir-489,9826528
hsa-mir-500a,38904
hsa-mir-1226,216345
hsa-mir-520b,11228183
hsa-mir-661,126941
hsa-mir-296,57347814
hsa-mir-563,30323
hsa-mir-4286,2578
hsa-mir-4689,60780
hsa-mir-1264,6505803
hsa-mir-99a,5743
hsa-mir-520b,216239
hsa-mir-323a,64971
hsa-mir-3161,5746
hsa-mir-1290,11626560
hsa-mir-337,60606
hsa-mir-3173,10184653
hsa-mir-605,216239
hsa-mir-211,42611257
hsa-mir-499a,25183872
hsa-mir-1178,3101
hsa-mir-3917,38904
hsa-mir-3153,57347814
hsa-mir-346,636397
hsa-mir-1914,37542
hsa-mir-4721,36462
hsa-mir-4695,31703
hsa-mir-3674,41867
hsa-mir-620,3101
hsa-mir-1296,97226
hsa-mir-181d,60953
hsa-mir-3651,216239
hsa-mir-3660,43815
hsa-mir-1292,969516
hsa-mir-20a,57347814
hsa-mir-4324,11228183
hsa-mir-3164,11226684
hsa-mir-26b,241903
hsa-mir-378c,442972
hsa-mir-1238,448013
hsa-mir-216a,38904
hsa-mir-767,5360373
hsa-mir-520b,444795
hsa-mir-549a,36314
hsa-mir-4665,5284616
hsa-mir-4258,36314
hsa-mir-519c,9903
hsa-mir-331,60780
hsa-mir-1469,9915743
hsa-mir-193b,5743
hsa-mir-502,9915743
hsa-mir-519e,37542
hsa-mir-519c,10635
hsa-mir-762,3657
hsa-mir-1287,387447
hsa-mir-873,104741
hsa-mir-513b,5280961
hsa-mir-330,25183872
hsa-mir-874,148124
hsa-mir-663a,241903
hsa-mir-382,38904
hsa-mir-4427,148124
hsa-mir-520f,44259
hsa-mir-487b,3006531
hsa-mir-200c,5746
hsa-mir-1206,60750
hsa-mir-2113,45266826
hsa-mir-342,24180719
hsa-mir-489,60953
hsa-mir-4427,2520
hsa-mir-302d,5394
hsa-mir-4285,65348
hsa-mir-574,176870
hsa-mir-31,156413
hsa-mir-4725,784
hsa-mir-27b,65348
hsa-mir-586,784
hsa-mir-520b,3657
hsa-mir-662,448013
hsa-mir-933,72301
hsa-mir-345,5284616
hsa-mir-4516,9931953
hsa-mir-3154,72301
hsa-mir-4443,38904
hsa-mir-558,784
hsa-mir-369,123631
hsa-mir-181d,6253
hsa-mir-2116,44259
hsa-mir-942,91820602
hsa-mir-154,285033
hsa-mir-423,444795
hsa-mir-1248,24180719
hsa-mir-3665,5329102
hsa-mir-454,97226
hsa-mir-3131,3006531
hsa-mir-543,2578
hsa-mir-429,3101
hsa-mir-1281,156413
hsa-mir-34b,126941
hsa-mir-660,5394
hsa-mir-222,156413
hsa-mir-765,9826528
hsa-mir-653,176870
hsa-mir-181d,5284583
hsa-mir-625,44259
hsa-mir-33b,38904
hsa-mir-1321,72301
hsa-mir-922,97226
hsa-mir-626,5360373
hsa-mir-4497,387447
hsa-mir-4644,5360373
hsa-mir-2114,5755
hsa-mir-651,387447
hsa-mir-940,1548943
hsa-mir-518d,9915743
hsa-mir-555,9915743
hsa-mir-335,3062316
hsa-mir-578,123631
hsa-mir-424,5755
hsa-let-7b,11226684
hsa-mir-590,387447
hsa-mir-1304,57347814
hsa-mir-1321,5291
hsa-mir-1468,45266826
hsa-mir-496,6253
hsa-mir-142,11228183
hsa-mir-200a,156413
hsa-mir-3193,5284583
hsa-mir-484,5310940
hsa-mir-107,5311
hsa-mir-4707,9903
hsa-mir-4644,9931953
hsa-mir-940,31703
hsa-mir-494,6505803
hsa-mir-1202,784
hsa-mir-4655,31703
hsa-mir-21,444795
hsa-mir-299,2767
hsa-mir-191,3657
hsa-mir-3064,9826528
hsa-mir-663a,9903
hsa-mir-378c,5310940
hsa-mir-373,176870
hsa-mir-3126,5310940
hsa-mir-638,9826528
hsa-mir-4711,25183872
hsa-mir-96,5284616
hsa-mir-2355,1548943
hsa-mir-1468,126941
hsa-mir-188,5394
hsa-mir-1910,784
hsa-mir-1-1,644241
hsa-mir-1270,657237
hsa-mir-605,11228183
hsa-mir-18a,60700
hsa-mir-4745,57347814
hsa-mir-1825,5284583
hsa-mir-493,5743
hsa-mir-1225,60750
hsa-mir-520c,657237
hsa-mir-362,4891
hsa-mir-4710,636397
hsa-mir-4653,216345
hsa-mir-133b,97226
hsa-mir-1236,42611257
hsa-mir-1290,60780
hsa-mir-149,5743
hsa-mir-4750,4212
hsa-mir-2467,25183872
hsa-mir-525,448013
hsa-mir-548c,24801581
hsa-mir-432,9903
hsa-mir-106a,91820602
hsa-mir-3194,285033
hsa-mir-664a,442972
hsa-mir-634,176870
hsa-mir-1287,60953
hsa-mir-574,36314
hsa-mir-198,36314
hsa-mir-4669,5865
hsa-mir-1301,91820602
hsa-mir-449a,9903
hsa-mir-4443,148124
hsa-let-7a-2,4212
hsa-mir-17,126941
hsa-mir-520c,2907
hsa-mir-577,60953
hsa-mir-410,5280961
hsa-mir-508,60700
hsa-mir-494,4891
hsa-mir-140,4212
hsa-mir-376b,444732
hsa-mir-649,5311
hsa-mir-1913,5360373
hsa-mir-520d,448013
hsa-mir-1271,60750
hsa-mir-1225,2051
hsa-mir-660,448013
hsa-mir-2682,24978538
hsa-mir-216b,5310940
hsa-mir-23c,42611257
hsa-mir-449b,3101
hsa-mir-545,64971
hsa-mir-548c,31703
hsa-mir-217,644241
hsa-mir-1914,72301
hsa-mir-3184,60953
hsa-mir-4455,2767
hsa-mir-891a,64971
hsa-mir-769,4891
hsa-mir-4286,2907
hsa-mir-20b,25183872
hsa-mir-938,657237
hsa-mir-874,5746
hsa-mir-1290,5291
hsa-mir-4288,24180719
hsa-mir-506,44259
hsa-mir-4311,4212
hsa-mir-3682,5284616
hsa-mir-149,37542
hsa-mir-27a,2907
hsa-mir-28,3101
hsa-mir-122,5865
hsa-mir-3168,2767
hsa-mir-2116,5743
hsa-mir-1911,24978538
hsa-mir-320e,644241
hsa-mir-3620,156413
hsa-mir-4484,5284616
hsa-mir-1290,5284616
hsa-mir-203a,5284616
hsa-mir-4763,5743
hsa-let-7a-2,126941
hsa-mir-1915,41867
hsa-mir-34c,216345
hsa-mir-143,24978538
hsa-mir-495,44259
hsa-mir-541,156413
hsa-let-7i,72301
hsa-mir-152,2907
hsa-mir-4516,60606
hsa-mir-1468,57347814
hsa-mir-1288,30323
hsa-mir-891b,36462
hsa-mir-622,104741
hsa-mir-27a,9826528
hsa-mir-891a,123631
hsa-mir-657,644241
hsa-mir-185,5978
hsa-mir-653,657237
hsa-mir-449b,5311272
hsa-mir-196b,444732
hsa-mir-2278,6253
hsa-mir-1270,60750
hsa-mir-564,60780
hsa-mir-3654,285033
hsa-mir-1323,60700
hsa-mir-376b,60750
hsa-mir-671,444732
hsa-mir-549a,126941
hsa-mir-520a,9915743
hsa-mir-744,104842
hsa-mir-181d,91820602
hsa-mir-34b,5280961
hsa-mir-892b,38904
hsa-mir-383,10635
hsa-mir-449b,54671203
hsa-mir-1973,3657
hsa-mir-184,42611257
hsa-mir-653,24978538
hsa-mir-1-1,57347814
hsa-mir-346,24180719
hsa-mir-200a,25183872
hsa-mir-23a,241903
hsa-mir-422a,23725625
hsa-mir-4674,5394
hsa-mir-146a,56842234
hsa-mir-148a,57347814
hsa-mir-876,37542
hsa-mir-95,460612
hsa-mir-1470,30323
hsa-mir-875,5755
hsa-mir-4485,9915743
hsa-mir-4257,9915743
hsa-mir-431,45266826
hsa-mir-765,60700
hsa-mir-3162,5291
hsa-mir-302a,1548943
hsa-mir-7-1,44259
hsa-mir-875,2520
hsa-mir-1248,104842
hsa-mir-200b,9903
hsa-mir-1293,176870
hsa-mir-487a,644241
hsa-mir-466,3657
hsa-mir-448,636397
hsa-mir-595,6505803
hsa-mir-630,5329102
hsa-mir-337,65064
hsa-let-7g,5755
hsa-mir-877,5284616
hsa-mir-595,36314
hsa-mir-1258,9915743
hsa-mir-320a,24360
hsa-mir-4279,241903
hsa-mir-1299,444795
hsa-mir-519c,60606
hsa-mir-31,5755
hsa-mir-503,216345
hsa-mir-16-2,3062316
hsa-mir-182,72301
hsa-mir-551b,24360
hsa-mir-197,42611257
hsa-mir-718,25183872
hsa-mir-3665,60780
hsa-mir-1290,23725625
hsa-mir-500a,644241
hsa-mir-4319,36462
hsa-mir-1911,5310940
hsa-mir-1304,442972
hsa-mir-519c,3101
hsa-mir-4463,123631
hsa-mir-4535,2520
hsa-mir-27b,9826528
hsa-mir-4427,9931953
hsa-mir-1281,10184653
hsa-mir-340,5755
hsa-mir-454,216345
hsa-mir-497,44259
hsa-mir-1229,5394
hsa-mir-2355,4891
hsa-mir-4285,104842
hsa-mir-223,3657
hsa-mir-1291,9826528
hsa-mir-1908,91820602
hsa-mir-182,2051
hsa-mir-122,5746
hsa-mir-3161,5310940
hsa-mir-1290,148124
hsa-mir-365b,657237
hsa-mir-490,442972
hsa-mir-340,5978
hsa-mir-4286,24360
hsa-mir-200b,30323
hsa-mir-449c,5311
hsa-mir-4745,216239
hsa-mir-4638,23725625
hsa-mir-2113,3006531
hsa-let-7f-2,285033
hsa-mir-3674,444795
hsa-mir-549a,10184653
hsa-mir-518e,442972
hsa-mir-498,3062316
hsa-mir-30d,2051
hsa-mir-371b,37542
hsa-mir-572,10635
hsa-mir-487a,64971
hsa-mir-3674,38904
hsa-mir-331,60953
hsa-mir-33b,644241
hsa-mir-139,3062316
hsa-mir-338,4212
hsa-mir-151a,60606
hsa-mir-520b,6253
hsa-mir-520a,24180719
hsa-mir-1910,36314
hsa-mir-891b,3385
hsa-mir-4447,9915743
hsa-mir-1910,636397
hsa-mir-663b,5291
hsa-mir-302d,5746
hsa-mir-147b,2767
hsa-mir-1469,442972
hsa-mir-1275,5978
hsa-mir-876,24801581
hsa-mir-885,5329102
hsa-mir-1200,44259
hsa-mir-3162,2733526
hsa-mir-151a,5280961
hsa-mir-1253,969516
hsa-mir-4800,5746
hsa-mir-134,60606
hsa-mir-588,285033
hsa-mir-92b,2907
hsa-mir-638,241903
hsa-mir-3168,6253
hsa-mir-625,54671203
hsa-mir-339,65348
hsa-mir-1204,2907
hsa-mir-127,5291
hsa-mir-4467,448013
hsa-mir-4427,969516
hsa-mir-1261,6505803
hsa-mir-487b,6505803
hsa-mir-887,30323
hsa-mir-569,452548
hsa-mir-628,126941
hsa-mir-1202,36462
hsa-mir-545,644241
hsa-mir-2278,41867
hsa-mir-27a,442972
hsa-mir-520c,442972
hsa-mir-429,91820602
hsa-mir-361,9826528
hsa-mir-3117,104741
hsa-mir-593,11626560
hsa-mir-190b,784
hsa-mir-520d,2907
hsa-mir-640,36462
hsa-mir-20b,64971
hsa-mir-3147,452548
hsa-mir-374a,44259
hsa-mir-2113,31703
hsa-mir-143,5755
hsa-mir-487a,9826528
hsa-mir-3149,30323
hsa-let-7f-2,30323
hsa-mir-4800,104741
hsa-mir-335,448013
hsa-mir-4728,5865
hsa-mir-922,9931953
hsa-mir-876,11226684
hsa-mir-1976,2578
hsa-mir-380,123631
hsa-mir-506,2520
hsa-mir-21,448013
hsa-mir-4791,9915743
hsa-mir-496,41867
hsa-mir-652,36462
hsa-mir-298,25183872
hsa-mir-28,4891
hsa-mir-1206,5978
hsa-mir-635,25183872
hsa-mir-452,444732
hsa-mir-133b,5865
hsa-mir-517a,24360
hsa-mir-934,5311272
hsa-mir-570,176870
hsa-mir-3173,5284616
hsa-mir-3183,1548943
hsa-mir-449a,5746
hsa-mir-4664,54671203
hsa-mir-34a,5865
hsa-mir-767,10184653
hsa-mir-206,11228183
hsa-mir-589,91820602
hsa-mir-3200,444732
hsa-mir-4687,37542
hsa-mir-3065,9903
hsa-mir-513c,5978
hsa-mir-587,644241
hsa-mir-3194,644241
hsa-mir-371a,784
hsa-mir-4707,54671203
hsa-mir-2114,9915743
hsa-mir-142,37542
hsa-mir-4758,5978
hsa-mir-3682,452548
hsa-mir-4763,104842
hsa-mir-3178,5394
hsa-mir-500a,285033
hsa-mir-4713,5311
hsa-mir-378i,38904
hsa-mir-3173,38904
hsa-mir-1256,3006531
hsa-mir-1321,285033
hsa-mir-409,241903
hsa-mir-620,37542
hsa-mir-874,4212
hsa-mir-369,5394
hsa-mir-3117,452548
hsa-mir-940,5746
hsa-mir-548m,4891
hsa-mir-24-2,3657
hsa-mir-650,5329102
hsa-let-7c,72301
hsa-mir-4455,636397
hsa-mir-152,3385
hsa-mir-875,126941
hsa-mir-4665,60780
hsa-mir-181c,644241
hsa-mir-651,4212
hsa-mir-433,10184653
hsa-mir-3168,3062316
hsa-mir-181c,5311
hsa-mir-1238,104842
hsa-mir-2116,5284616
hsa-mir-1183,5755
hsa-mir-4492,104741
hsa-mir-196b,123631
hsa-mir-99b,387447
hsa-mir-1973,216345
hsa-mir-1539,4212
hsa-mir-4487,444795
hsa-mir-410,241903
hsa-mir-3074,148124
hsa-mir-423,5311
hsa-mir-885,5311
hsa-mir-130a,2520
hsa-mir-335,64971
hsa-mir-933,784
hsa-mir-548c,11228183
hsa-mir-139,5746
hsa-mir-4653,3006531
hsa-mir-3681,97226
hsa-mir-4653,5865
hsa-mir-4707,24801581
hsa-mir-132,64971
hsa-mir-146a,43815
hsa-mir-762,6253
hsa-mir-3064,444732
hsa-mir-146a,24801581
hsa-mir-939,448013
hsa-mir-3621,60606
hsa-mir-1270,448013
hsa-mir-520f,10635
hsa-mir-188,657237
hsa-mir-26b,784
hsa-mir-301b,30323
hsa-mir-647,11226684
hsa-mir-330,5329102
hsa-mir-625,784
hsa-mir-663b,5280961
hsa-mir-301a,11228183
hsa-mir-1179,4891
hsa-mir-1275,24801581
hsa-mir-1267,5284616
hsa-mir-363,6505803
hsa-mir-1267,72301
hsa-mir-20b,387447
hsa-mir-31,241903
hsa-mir-520c,60700
hsa-mir-500b,60606
hsa-mir-181d,216345
hsa-mir-520f,24978538
hsa-let-7i,126941
hsa-mir-4286,9826528
hsa-mir-3173,444795
hsa-let-7g,657237
hsa-mir-27a,3006531
hsa-mir-106a,5743
hsa-mir-2682,9903
hsa-mir-877,3062316
hsa-mir-4428,104741
hsa-mir-202,11626560
hsa-mir-154,11228183
hsa-mir-875,56842234
hsa-mir-146a,30323
hsa-mir-1229,60750
hsa-mir-1200,60953
hsa-mir-217,44259
hsa-mir-616,6253
hsa-mir-542,2907
hsa-mir-1913,2907
hsa-mir-3611,3657
hsa-mir-4430,9915743
hsa-mir-653,452548
hsa-mir-1200,3006531
hsa-mir-3654,448013
hsa-mir-602,56842234
hsa-mir-3183,60750
hsa-mir-3144,5978
hsa-mir-4279,60700
hsa-mir-4713,5743
hsa-mir-588,60700
hsa-mir-140,5978
hsa-mir-2113,2520
hsa-mir-200b,5360373
hsa-mir-940,65348
hsa-mir-652,5329102
hsa-mir-140,24180719
hsa-mir-3187,5755
hsa-mir-875,5280961
hsa-mir-640,3657
hsa-mir-378f,6505803
hsa-mir-23c,442972
hsa-mir-4745,285033
hsa-mir-4716,5743
hsa-mir-4484,216239
hsa-mir-4640,91820602
hsa-mir-1179,5291
hsa-mir-3681,60780
hsa-mir-589,5329102
hsa-mir-1299,10184653
hsa-mir-182,2907
hsa-mir-522,5360373
hsa-mir-320a,4891
hsa-mir-29a,25183872
hsa-mir-671,448013
hsa-mir-4739,5280961
hsa-mir-302b,9931953
hsa-mir-1182,10635
hsa-mir-517a,657237
hsa-mir-1202,23725625
hsa-mir-802,5310940
hsa-mir-3681,104842
hsa-mir-378f,657237
hsa-mir-185,5394
hsa-mir-4261,2907
hsa-mir-4508,23725625
hsa-mir-1973,216239
hsa-mir-1197,444732
hsa-mir-1825,2578
hsa-mir-18a,36462
hsa-mir-4508,9931953
hsa-mir-298,45266826
hsa-mir-4655,5746
hsa-mir-1181,65348
hsa-mir-335,2051
hsa-mir-4791,91820602
hsa-mir-4710,37542
hsa-mir-492,3657
hsa-mir-548m,5329102
hsa-mir-635,5311
hsa-mir-944,3385
hsa-mir-2116,5865
hsa-mir-1304,56842234
hsa-mir-1293,54671203
hsa-mir-106b,24360
hsa-mir-3194,5310940
hsa-mir-450b,60700
hsa-mir-3168,5755
hsa-mir-616,11228183
hsa-mir-522,5280961
hsa-mir-584,60700
hsa-mir-497,969516
hsa-mir-4508,9915743
hsa-mir-574,452548
hsa-mir-520e,2578
hsa-mir-605,176870
hsa-mir-611,442972
hsa-mir-4466,60606
hsa-mir-4530,969516
hsa-mir-636,45266826
hsa-mir-4674,57347814
hsa-mir-611,6253
hsa-mir-369,784
hsa-mir-520h,2578
hsa-mir-4501,91820602
hsa-mir-296,10184653
hsa-mir-1301,3385
hsa-mir-4646,30323
hsa-mir-4484,65064
hsa-mir-1469,60780
hsa-mir-495,104741
hsa-mir-302d,460612
hsa-mir-3619,6253
hsa-mir-762,45266826
hsa-mir-4706,784
hsa-mir-561,60953
hsa-mir-4739,285033
hsa-mir-572,6253
hsa-mir-875,64971
hsa-mir-519b,460612
hsa-mir-1293,64971
hsa-mir-501,122724
hsa-mir-561,10184653
hsa-mir-654,5329102
hsa-mir-491,5978
hsa-mir-328,37542
hsa-mir-4731,60953
hsa-mir-572,31703
hsa-mir-330,65064
hsa-mir-1291,387447
hsa-mir-1470,5360373
hsa-mir-17,43815
hsa-mir-148a,5755
hsa-mir-1224,5280961
hsa-mir-223,657237
hsa-mir-181d,25183872
hsa-mir-3164,657237
hsa-mir-653,64971
hsa-mir-1197,5978
hsa-mir-181c,148124
hsa-mir-891a,43815
hsa-mir-630,460612
hsa-mir-369,5329102
hsa-mir-1228,444795
hsa-let-7e,969516
hsa-mir-375,5284616
hsa-mir-4428,241903
hsa-mir-99a,5284616
hsa-mir-2277,60953
hsa-mir-1287,969516
hsa-mir-634,6253
hsa-mir-16-2,9915743
hsa-mir-1910,44259
hsa-mir-3146,5755
hsa-mir-301b,54671203
hsa-mir-28,9903
hsa-mir-1275,104842
hsa-mir-326,4212
hsa-mir-148b,11228183
hsa-mir-33a,241903
hsa-mir-1275,4891
hsa-mir-1204,57347814
hsa-mir-663b,42611257
hsa-mir-205,24360
hsa-mir-301b,60953
hsa-mir-1258,3385
hsa-mir-3917,60700
hsa-mir-668,2907
hsa-mir-2278,3006531
hsa-mir-337,5360373
hsa-mir-876,5311
hsa-mir-633,9826528
hsa-mir-365b,65064
hsa-mir-202,5394
hsa-mir-563,44259
hsa-mir-631,6253
hsa-mir-493,5284583
hsa-mir-579,2907
hsa-mir-548b,57347814
hsa-mir-145,241903
hsa-mir-3196,636397
hsa-mir-146b,2907
hsa-mir-665,148124
hsa-mir-591,216239
hsa-mir-3177,442972
hsa-mir-342,9931953
hsa-mir-4508,126941
hsa-mir-766,36462
hsa-mir-3200,65064
hsa-mir-545,60606
hsa-mir-331,5311
hsa-mir-133b,45266826
hsa-mir-449a,4891
hsa-mir-320a,216345
hsa-mir-224,11226684
hsa-mir-665,60953
hsa-mir-130b,5743
hsa-mir-3184,38904
hsa-mir-496,9915743
hsa-mir-658,387447
hsa-mir-495,6253
hsa-mir-3065,54671203
hsa-mir-98,30323
hsa-mir-4800,36314
hsa-mir-588,25183872
hsa-mir-3937,657237
hsa-mir-3065,60780
hsa-mir-671,24180719
hsa-mir-3187,241903
hsa-mir-609,24180719
hsa-mir-100,24801581
hsa-mir-593,37542
hsa-mir-612,387447
hsa-mir-936,24360
hsa-mir-7-3,969516
hsa-mir-1307,24180719
hsa-mir-4466,65064
hsa-mir-572,60750
hsa-mir-620,6505803
hsa-mir-17,60606
hsa-mir-4665,91820602
hsa-mir-221,5743
hsa-mir-589,3385
hsa-mir-639,25183872
hsa-mir-4454,442972
hsa-mir-148a,448013
hsa-mir-199b,9915743
hsa-mir-675,5743
hsa-mir-30b,57347814
hsa-mir-31,442972
hsa-mir-627,444732
hsa-let-7f-2,24978538
hsa-mir-9-1,104842
hsa-mir-365b,64971
hsa-mir-662,4891
hsa-mir-4695,45266826
hsa-mir-3149,5280961
hsa-mir-487b,4891
hsa-mir-920,5329102
hsa-mir-215,156413
hsa-mir-32,444732
hsa-mir-636,1548943
hsa-mir-609,60750
hsa-mir-152,24360
hsa-mir-1225,444732
hsa-mir-141,784
hsa-mir-208a,3062316
hsa-mir-4721,24360
hsa-mir-4713,60953
hsa-mir-1913,126941
hsa-mir-30d,60700
hsa-mir-492,10184653
hsa-mir-636,10184653
hsa-mir-629,5360373
hsa-mir-1290,25183872
hsa-mir-4288,285033
hsa-mir-675,43815
hsa-mir-193b,9915743
hsa-mir-142,23725625
hsa-mir-549a,5284583
hsa-mir-192,38904
hsa-mir-610,54671203
hsa-mir-1207,11626560
hsa-mir-499a,97226
hsa-mir-589,64971
hsa-mir-374a,3006531
hsa-mir-302d,5291
hsa-mir-4758,5360373
hsa-mir-3940,11228183
hsa-mir-106b,444732
hsa-mir-34c,97226
hsa-mir-1181,37542
hsa-mir-650,3385
hsa-mir-4467,37542
hsa-mir-4476,444732
hsa-mir-23a,5865
hsa-mir-20b,65064
hsa-mir-1468,123631
hsa-mir-660,65348
hsa-mir-421,285033
hsa-mir-155,24801581
hsa-mir-371b,5329102
hsa-mir-590,24180719
hsa-mir-1913,65064
hsa-mir-3117,60750
hsa-mir-339,5743
hsa-mir-130b,2733526
hsa-mir-548c,5284583
hsa-mir-216a,9826528
hsa-mir-1182,11626560
hsa-mir-466,36314
hsa-mir-1238,126941
hsa-mir-496,36314
hsa-mir-603,24360
hsa-mir-412,97226
hsa-mir-148b,60700
hsa-mir-3195,36314
hsa-mir-376c,60606
hsa-mir-3173,1548943
hsa-mir-4731,4212
hsa-mir-940,6253
hsa-mir-543,54671203
hsa-mir-378e,5291
hsa-mir-3144,5311272
hsa-mir-520h,65348
hsa-mir-30b,2733526
hsa-mir-4535,4212
hsa-mir-744,10184653
hsa-mir-191,72301
hsa-mir-144,60953
hsa-mir-302c,176870
hsa-mir-34c,444732
hsa-mir-1303,37542
hsa-mir-1277,37542
hsa-mir-549a,5978
hsa-mir-423,444732
hsa-mir-130a,644241
hsa-mir-616,60606
hsa-mir-3940,5329102
hsa-mir-145,3657
hsa-mir-3917,1548943
hsa-mir-4473,122724
hsa-mir-3153,285033
hsa-mir-193b,784
hsa-mir-369,56842234
hsa-mir-657,636397
hsa-mir-1275,123631
hsa-mir-488,444732
hsa-mir-216a,5865
hsa-mir-200a,2051
hsa-mir-206,5865
hsa-mir-522,5311272
hsa-mir-3185,97226
hsa-mir-920,5280961
hsa-mir-671,36462
hsa-mir-877,2733526
hsa-mir-379,148124
hsa-mir-545,38904
hsa-mir-1914,2733526
hsa-mir-4455,64971
hsa-mir-4723,9915743
hsa-mir-4279,42611257
hsa-mir-3619,122724
hsa-mir-671,64971
hsa-mir-4488,54671203
hsa-mir-485,37542
hsa-mir-493,65064
hsa-mir-543,444795
hsa-mir-526b,60606
hsa-mir-487a,24801581
hsa-mir-191,636397
hsa-mir-1247,25183872
hsa-mir-4535,37542
hsa-mir-647,60606
hsa-mir-513b,448013
hsa-mir-16-2,122724
hsa-mir-182,176870
hsa-mir-543,41867
hsa-mir-346,460612
hsa-mir-653,636397
hsa-mir-208a,60780
hsa-mir-664a,636397
hsa-mir-33a,5284583
hsa-mir-182,10635
hsa-mir-211,3101
hsa-mir-595,216239
hsa-mir-1258,444732
hsa-mir-519d,6505803
hsa-mir-3178,5360373
hsa-mir-624,37542
hsa-mir-199b,216345
hsa-mir-3127,156413
hsa-mir-6134,72301
hsa-mir-412,41867
hsa-mir-449b,2733526
hsa-mir-581,3657
hsa-mir-216a,9903
hsa-mir-581,43815
hsa-mir-362,10635
hsa-mir-211,387447
hsa-mir-4484,10184653
hsa-mir-365a,44259
hsa-mir-451a,10635
hsa-mir-572,91820602
hsa-mir-542,104842
hsa-mir-3665,123631
hsa-mir-144,24801581
hsa-mir-3161,5284583
hsa-mir-4455,784
hsa-mir-4722,4891
hsa-mir-3660,3385
hsa-mir-4428,9915743
hsa-mir-502,2578
hsa-mir-145,11626560
hsa-mir-601,24801581
hsa-mir-1301,36462
hsa-mir-297,5755
hsa-mir-633,104741
hsa-mir-107,5865
hsa-mir-2116,3657
hsa-mir-557,9903
hsa-mir-572,2907
hsa-mir-202,72301
hsa-mir-758,969516
hsa-mir-4535,3006531
hsa-mir-370,2733526
hsa-mir-4286,72301
hsa-mir-297,2051
hsa-let-7a-2,444732
hsa-mir-1296,3657
hsa-mir-1197,5310940
hsa-mir-610,444732
hsa-mir-324,11228183
hsa-mir-4674,23725625
hsa-mir-649,5360373
hsa-mir-571,442972
hsa-mir-4286,444795
hsa-mir-557,60780
hsa-mir-155,44259
hsa-mir-4707,148124
hsa-mir-217,444795
hsa-mir-4713,448013
hsa-mir-3194,442972
hsa-mir-4750,5746
hsa-mir-495,2520
hsa-mir-1246,442972
hsa-mir-652,36314
hsa-mir-875,4212
hsa-mir-3679,104741
hsa-mir-1910,657237
hsa-mir-3173,56842234
hsa-mir-548b,72301
hsa-mir-204,387447
hsa-mir-3163,969516
hsa-mir-3183,2051
hsa-mir-921,60953
hsa-mir-597,216239
hsa-mir-370,60953
hsa-mir-3183,10184653
hsa-mir-885,636397
hsa-mir-4488,11228183
hsa-mir-4665,36314
hsa-mir-27a,36462
hsa-mir-375,241903
hsa-mir-382,3657
hsa-mir-625,5743
hsa-mir-149,43815
hsa-mir-3620,442972
hsa-mir-665,3657
hsa-mir-20a,11226684
hsa-mir-4721,460612
hsa-mir-455,442972
hsa-mir-4530,122724
hsa-mir-518c,2907
hsa-mir-215,6505803
hsa-mir-1973,11228183
hsa-mir-300,5394
hsa-mir-19a,42611257
hsa-mir-523,2578
hsa-mir-3153,2767
hsa-mir-659,9826528
hsa-mir-1249,65348
hsa-mir-627,54671203
hsa-mir-365b,3385
hsa-mir-4723,126941
hsa-mir-100,57347814
hsa-mir-217,57347814
hsa-mir-1238,56842234
hsa-mir-517b,969516
hsa-let-7e,44259
hsa-mir-452,11226684
hsa-mir-626,3062316
hsa-mir-653,442972
hsa-mir-645,9931953
hsa-mir-375,11226684
hsa-mir-1261,38904
hsa-mir-188,64971
hsa-mir-379,3385
hsa-mir-485,65348
hsa-mir-144,4212
hsa-mir-659,31703
hsa-mir-1249,3062316
hsa-mir-3917,241903
hsa-mir-4674,123631
hsa-mir-663b,60750
hsa-mir-610,60780
hsa-mir-149,25183872
hsa-mir-3164,5284616
hsa-mir-4725,60700
hsa-mir-585,5978
hsa-mir-627,387447
hsa-mir-543,4212
hsa-mir-26b,30323
hsa-mir-16-2,25183872
hsa-mir-1287,636397
hsa-mir-549a,56842234
hsa-mir-33a,5746
hsa-mir-3679,5755
hsa-mir-501,5280961
hsa-mir-518d,126941
hsa-mir-1538,72301
hsa-mir-1304,10184653
hsa-mir-143,104741
hsa-mir-345,2907
hsa-mir-655,636397
hsa-mir-585,24360
hsa-mir-142,4891
hsa-mir-523,176870
hsa-mir-1297,156413
hsa-mir-148b,442972
hsa-mir-181c,448013
hsa-mir-412,5311
hsa-mir-421,65348
hsa-let-7e,10184653
hsa-mir-579,6253
hsa-mir-362,5755
hsa-mir-564,6253
hsa-mir-501,6253
hsa-mir-4427,36314
hsa-mir-198,5311272
hsa-mir-4788,24978538
hsa-mir-429,460612
hsa-mir-744,4891
hsa-mir-1267,56842234
hsa-mir-3161,5865
hsa-mir-593,444795
hsa-mir-223,5755
hsa-mir-33a,60700
hsa-mir-488,65064
hsa-mir-3131,3062316
hsa-mir-99b,636397
hsa-mir-18b,44259
hsa-mir-1183,72301
hsa-mir-541,60953
hsa-mir-130a,104741
hsa-mir-374a,387447
hsa-mir-4261,657237
hsa-mir-1281,2051
hsa-mir-501,176870
hsa-mir-1323,42611257
hsa-mir-3065,657237
hsa-mir-106b,37542
hsa-mir-4678,4891
hsa-mir-296,43815
hsa-mir-185,3062316
hsa-mir-513b,285033
hsa-mir-520c,2051
hsa-mir-4427,65064
hsa-mir-4763,24801581
hsa-mir-454,56842234
hsa-mir-495,37542
hsa-mir-1206,122724
hsa-mir-518d,444795
hsa-mir-506,60606
hsa-mir-500a,452548
hsa-mir-31,56842234
hsa-mir-130a,11228183
hsa-mir-30a,25183872
hsa-mir-30d,2578
hsa-mir-30a,38904
hsa-mir-4653,387447
hsa-mir-455,444732
hsa-mir-944,3657
hsa-mir-555,1548943
hsa-mir-630,285033
hsa-mir-32,72301
hsa-mir-4646,5329102
hsa-mir-496,784
hsa-mir-1229,36314
hsa-mir-1250,5311
hsa-mir-18b,5329102
hsa-mir-1183,104741
hsa-mir-769,60953
hsa-mir-551b,123631
hsa-mir-1470,4891
hsa-mir-4284,5746
hsa-mir-22,285033
hsa-mir-3611,57347814
hsa-mir-188,56842234
hsa-mir-3065,91820602
hsa-mir-3620,9826528
hsa-mir-1538,448013
hsa-mir-4454,5746
hsa-mir-33a,5291
hsa-mir-3153,9903
hsa-mir-1277,72301
hsa-mir-18a,9915743
hsa-mir-4713,444795
hsa-mir-2861,636397
hsa-mir-942,9915743
hsa-mir-18b,38904
hsa-mir-29a,30323
hsa-mir-4695,241903
hsa-mir-367,460612
hsa-mir-520d,644241
hsa-mir-187,9826528
hsa-mir-3184,5755
hsa-mir-4713,3101
hsa-mir-4725,5746
hsa-mir-557,387447
hsa-mir-212,387447
hsa-mir-3164,41867
hsa-mir-34b,24360
hsa-mir-372,387447
hsa-mir-543,3385
hsa-mir-548m,448013
hsa-mir-4701,123631
hsa-mir-4655,444795
hsa-mir-2467,65348
hsa-mir-648,2733526
hsa-mir-122,448013
hsa-mir-452,91820602
hsa-mir-1228,97226
hsa-mir-760,11226684
hsa-mir-3960,38904
hsa-mir-1206,3101
hsa-mir-454,5311272
hsa-mir-26b,3657
hsa-mir-635,3062316
hsa-mir-922,4891
hsa-mir-3195,24978538
hsa-mir-1468,452548
hsa-mir-132,156413
hsa-mir-4791,11228183
hsa-mir-151a,216345
hsa-mir-4466,64971
hsa-mir-924,2578
hsa-mir-653,42611257
hsa-mir-1249,65064
hsa-mir-569,9903
hsa-mir-4484,5746
hsa-mir-1275,38904
hsa-mir-603,176870
hsa-mir-532,644241
hsa-mir-3187,1548943
hsa-mir-139,3101
hsa-mir-449b,969516
hsa-mir-23a,65348
hsa-mir-495,2907
hsa-mir-374a,41867
hsa-mir-187,148124
hsa-mir-1539,9915743
hsa-mir-4483,448013
hsa-mir-643,3385
hsa-mir-4640,5329102
hsa-mir-3674,9826528
hsa-mir-624,31703
hsa-mir-134,5755
hsa-mir-631,5311
hsa-mir-610,460612
hsa-mir-4689,460612
hsa-mir-24-1,60606
hsa-mir-652,2907
hsa-mir-648,3385
hsa-mir-4285,216239
hsa-mir-571,123631
hsa-mir-4485,5743
hsa-mir-378c,2733526
hsa-mir-513c,5329102
hsa-mir-125a,41867
hsa-mir-555,24801581
hsa-mir-762,442972
hsa-mir-4465,387447
hsa-mir-6134,31703
hsa-mir-4644,24360
hsa-mir-631,1548943
hsa-mir-379,5284583
hsa-mir-3153,38904
hsa-mir-10b,25183872
hsa-mir-1183,10635
hsa-mir-191,460612
hsa-mir-3185,104842
hsa-mir-661,2578
hsa-mir-571,9931953
hsa-mir-107,41867
hsa-mir-4427,5865
hsa-mir-449b,11226684
hsa-mir-590,784
hsa-mir-150,9903
hsa-mir-4701,176870
hsa-mir-30b,148124
hsa-mir-4669,97226
hsa-mir-652,644241
hsa-mir-4716,2578
hsa-mir-1277,25183872
hsa-mir-758,65064
hsa-mir-658,42611257
hsa-mir-1248,636397
hsa-mir-618,24978538
hsa-mir-376b,3101
hsa-mir-660,657237
hsa-mir-4749,37542
hsa-mir-4465,636397
hsa-mir-107,60606
hsa-mir-4501,2767
hsa-mir-1825,387447
hsa-mir-152,41867
hsa-mir-409,123631
hsa-mir-339,636397
hsa-mir-657,42611257
hsa-mir-766,5743
hsa-mir-503,444795
hsa-mir-548m,9931953
hsa-mir-29c,65064
hsa-mir-21,42611257
hsa-mir-498,10184653
hsa-mir-517a,5311
hsa-mir-520c,148124
hsa-mir-330,60953
hsa-mir-2278,2907
hsa-mir-3184,4212
hsa-mir-655,5284616
hsa-mir-652,6505803
hsa-mir-338,5284583
hsa-mir-610,9826528
hsa-mir-410,41867
hsa-mir-198,97226
hsa-mir-30a,3101
hsa-mir-30a,36462
hsa-mir-3074,5755
hsa-mir-3194,3062316
hsa-mir-585,24801581
hsa-mir-296,444732
hsa-mir-1225,460612
hsa-mir-588,5329102
hsa-mir-873,5311
hsa-mir-1234,644241
hsa-mir-1181,104741
hsa-mir-431,387447
hsa-mir-212,2520
hsa-mir-378i,64971
hsa-mir-299,148124
hsa-mir-4428,784
hsa-mir-615,10184653
hsa-mir-4319,11226684
hsa-mir-633,64971
hsa-mir-585,5746
hsa-mir-492,97226
hsa-mir-539,460612
hsa-mir-640,9931953
hsa-mir-371b,452548
hsa-mir-24-1,9826528
hsa-mir-4427,23725625
hsa-mir-3144,2767
hsa-mir-640,24180719
hsa-mir-216a,25183872
hsa-mir-137,241903
hsa-mir-1825,45266826
hsa-mir-921,10184653
hsa-mir-1207,5284616
hsa-mir-181d,5865
hsa-mir-3620,37542
hsa-mir-522,5310940
hsa-mir-3200,43815
hsa-let-7a-1,43815
hsa-mir-4722,42611257
hsa-mir-4473,25183872
hsa-mir-591,11226684
hsa-mir-513c,30323
hsa-mir-570,56842234
hsa-mir-652,387447
hsa-mir-1-1,4212
hsa-mir-590,104741
hsa-mir-412,24801581
hsa-mir-874,5865
hsa-mir-4430,122724
hsa-mir-2682,36314
hsa-mir-3184,4891
hsa-mir-3161,122724
hsa-mir-4427,5291
hsa-mir-1468,2733526
hsa-mir-203a,657237
hsa-mir-602,442972
hsa-mir-492,45266826
hsa-mir-1225,3385
hsa-mir-144,38904
hsa-mir-506,5743
hsa-mir-4689,10635
hsa-mir-581,36462
hsa-mir-605,104842
hsa-mir-524,5746
hsa-mir-337,60953
hsa-mir-3917,11626560
hsa-mir-300,5310940
hsa-mir-1913,104842
hsa-mir-190a,43815
hsa-mir-505,41867
hsa-mir-135b,6505803
hsa-mir-1226,444732
hsa-mir-3917,41867
hsa-mir-454,241903
hsa-mir-361,37542
hsa-mir-10a,104842
hsa-mir-651,43815
hsa-mir-200c,24801581
hsa-mir-4476,636397
hsa-mir-24-2,444732
hsa-mir-466,65064
hsa-mir-4288,123631
hsa-mir-4711,11228183
hsa-mir-32,38904
hsa-mir-4687,24801581
hsa-mir-921,444732
hsa-mir-372,54671203
hsa-mir-525,216239
hsa-mir-605,5291
hsa-mir-551b,176870
hsa-mir-216a,2733526
hsa-let-7g,57347814
hsa-mir-532,241903
hsa-mir-4297,1548943
hsa-mir-31,64971
hsa-mir-320e,4891
hsa-mir-3193,104842
hsa-mir-196b,11228183
hsa-mir-4644,285033
hsa-mir-517a,42611257
hsa-mir-484,285033
hsa-mir-190b,97226
hsa-mir-22,60780
hsa-mir-4664,60750
hsa-mir-1915,24801581
hsa-mir-3175,104741
hsa-mir-494,5284616
hsa-mir-500b,9903
hsa-mir-215,24180719
hsa-mir-1343,5360373
hsa-mir-4739,5360373
hsa-mir-3674,636397
hsa-mir-597,241903
hsa-mir-628,2578
hsa-mir-630,5743
hsa-mir-633,24978538
hsa-mir-518b,3006531
hsa-mir-1913,60700
hsa-mir-504,44259
hsa-mir-134,442972
hsa-mir-570,42611257
hsa-mir-708,60953
hsa-mir-940,11626560
hsa-mir-3679,60700
hsa-mir-557,176870
hsa-mir-506,444795
hsa-mir-1296,2051
hsa-mir-770,31703
hsa-mir-92b,23725625
hsa-mir-2861,5284616
hsa-mir-195,216239
hsa-mir-452,37542
hsa-mir-33b,91820602
hsa-mir-874,2051
hsa-mir-3619,216239
hsa-mir-29c,448013
hsa-mir-3183,25183872
hsa-mir-616,5978
hsa-mir-4640,148124
hsa-mir-3173,24801581
hsa-mir-497,216345
hsa-mir-212,148124
hsa-mir-3654,3006531
hsa-mir-302b,148124
hsa-mir-519d,241903
hsa-mir-4722,1548943
hsa-mir-662,784
hsa-mir-450b,36462
hsa-mir-4324,54671203
hsa-mir-22,24180719
hsa-mir-885,5284583
hsa-mir-1247,60606
hsa-mir-670,104741
hsa-mir-99a,122724
hsa-mir-378a,104741
hsa-mir-4521,72301
hsa-mir-523,2051
hsa-mir-4701,24978538
hsa-mir-378e,5746
hsa-mir-4655,42611257
hsa-mir-3146,3006531
hsa-mir-1914,2578
hsa-mir-1206,5746
hsa-mir-4466,104741
hsa-mir-22,60953
hsa-mir-367,387447
hsa-mir-142,216345
hsa-mir-495,123631
hsa-mir-3147,25183872
hsa-mir-517c,38904
hsa-mir-638,36462
hsa-mir-3117,9826528
hsa-mir-7-1,65348
hsa-mir-30e,5865
hsa-mir-572,3062316
hsa-mir-659,5394
hsa-mir-4455,5291
hsa-mir-378c,387447
hsa-mir-376c,6505803
hsa-mir-633,460612
hsa-mir-1915,2907
hsa-mir-522,3657
hsa-mir-224,6253
hsa-mir-570,5978
hsa-mir-1202,123631
hsa-mir-141,3006531
hsa-mir-195,2520
hsa-mir-142,644241
hsa-mir-1225,448013
hsa-mir-450b,444795
hsa-mir-345,5978
hsa-mir-663b,2767
hsa-mir-517b,241903
hsa-mir-3187,57347814
hsa-mir-1229,11226684
hsa-mir-214,64971
hsa-mir-4713,216345
hsa-mir-4675,5329102
hsa-mir-412,5755
hsa-mir-4745,5311272
hsa-mir-140,285033
hsa-mir-302c,41867
hsa-mir-1270,5311
hsa-mir-4687,2907
hsa-mir-16-2,104741
hsa-mir-1247,64971
hsa-mir-1288,97226
hsa-mir-877,2051
hsa-mir-4665,36462
hsa-mir-4763,24180719
hsa-mir-944,644241
hsa-mir-4749,5284616
hsa-mir-579,6505803
hsa-mir-449c,2051
hsa-mir-891b,216239
hsa-mir-522,24978538
hsa-mir-92b,11226684
hsa-mir-3184,123631
hsa-mir-518d,24180719
hsa-mir-584,460612
hsa-mir-132,23725625
hsa-mir-4783,5865
hsa-mir-3674,5360373
hsa-mir-143,60700
hsa-mir-4701,11228183
hsa-mir-106a,644241
hsa-mir-151a,9826528
hsa-mir-1304,3006531
hsa-mir-1234,5280961
hsa-let-7i,11228183
hsa-mir-2861,122724
hsa-mir-638,23725625
hsa-mir-1538,156413
hsa-mir-196b,122724
hsa-mir-302b,25183872
hsa-mir-1225,11626560
hsa-mir-4279,9931953
hsa-mir-517c,97226
hsa-mir-3167,216345
hsa-mir-608,460612
hsa-mir-4311,64971
hsa-mir-34b,4891
hsa-mir-132,9931953
hsa-mir-27a,444795
hsa-mir-4258,5360373
hsa-mir-485,60606
hsa-mir-378c,11228183
hsa-mir-135b,72301
hsa-mir-616,44259
hsa-mir-1-1,5311
hsa-mir-520c,9826528
hsa-mir-3167,6253
hsa-mir-1181,64971
hsa-mir-491,23725625
hsa-mir-626,65064
hsa-mir-4787,42611257
hsa-mir-23c,969516
hsa-mir-122,148124
hsa-mir-378e,2907
hsa-mir-4731,97226
hsa-mir-154,5329102
hsa-mir-934,460612
hsa-mir-634,636397
hsa-mir-1288,9931953
hsa-mir-802,442972
hsa-mir-569,43815
hsa-mir-487b,3101
hsa-mir-3149,5394
hsa-mir-299,5746
hsa-mir-4750,156413
hsa-mir-635,3657
hsa-mir-891a,60780
hsa-mir-1299,36462
hsa-mir-517c,45266826
hsa-mir-302c,2578
hsa-mir-298,156413
hsa-mir-4484,3101
hsa-mir-630,5284616
hsa-mir-3186,2767
hsa-mir-602,9903
hsa-mir-3167,24978538
hsa-mir-4261,442972
hsa-mir-324,216345
hsa-mir-569,6505803
hsa-mir-302a,104842
hsa-mir-182,5329102
hsa-mir-1250,216345
hsa-mir-193a,54671203
hsa-mir-1287,784
hsa-mir-873,60700
hsa-mir-483,285033
hsa-mir-126,60953
hsa-mir-99a,65064
hsa-mir-4674,43815
hsa-mir-3141,91820602
hsa-mir-940,24360
hsa-mir-27b,56842234
hsa-mir-548b,784
hsa-mir-1910,60750
hsa-mir-4685,30323
hsa-mir-297,460612
hsa-mir-130b,5284583
hsa-mir-589,104741
hsa-mir-365b,5865
hsa-mir-4535,5746
hsa-mir-184,3657
hsa-mir-520c,97226
hsa-mir-346,60953
hsa-mir-4483,657237
hsa-mir-934,5394
hsa-mir-501,460612
hsa-mir-588,11228183
hsa-mir-1321,57347814
hsa-mir-634,448013
hsa-mir-518d,5394
hsa-mir-649,43815
hsa-mir-504,5746
hsa-mir-151a,3006531
hsa-mir-1825,5310940
hsa-mir-625,31703
hsa-mir-185,9903
hsa-mir-3195,3006531
hsa-mir-1248,4891
hsa-mir-658,1548943
hsa-mir-4665,57347814
hsa-mir-1539,30323
hsa-mir-222,784
hsa-mir-185,2520
hsa-mir-520g,24180719
hsa-mir-141,644241
hsa-mir-99b,64971
hsa-mir-626,24801581
hsa-mir-195,104842
hsa-mir-335,9903
hsa-mir-576,9826528
hsa-mir-924,460612
hsa-mir-542,38904
hsa-mir-608,969516
hsa-mir-99b,452548
hsa-mir-409,11228183
hsa-mir-519e,60606
hsa-mir-766,636397
hsa-mir-376c,460612
hsa-mir-371a,5746
hsa-mir-647,5755
hsa-mir-3660,24978538
hsa-mir-3196,444795
hsa-mir-4675,64971
hsa-mir-328,5311
hsa-mir-1271,60700
hsa-mir-618,444732
hsa-mir-4443,11228183
hsa-mir-887,5978
hsa-mir-338,285033
hsa-mir-4485,60780
hsa-mir-30e,23725625
hsa-mir-922,126941
hsa-mir-4791,54671203
hsa-mir-1183,9915743
hsa-mir-4285,444795
hsa-mir-29a,24180719
hsa-mir-582,5865
hsa-mir-484,10184653
hsa-mir-449c,5329102
hsa-mir-4487,60700
hsa-mir-4473,9915743
hsa-mir-1253,216345
hsa-mir-4749,57347814
hsa-mir-320a,9826528
hsa-mir-215,56842234
hsa-mir-3153,216239
hsa-mir-147b,285033
hsa-mir-4788,2051
hsa-mir-190b,657237
hsa-mir-409,5978
hsa-mir-126,460612
hsa-mir-626,5746
hsa-mir-18a,5280961
hsa-mir-634,3385
hsa-mir-4675,4891
hsa-mir-3065,10184653
hsa-mir-630,56842234
hsa-mir-654,3101
hsa-mir-765,65064
hsa-mir-4485,36314
hsa-mir-568,9826528
hsa-mir-154,45266826
hsa-mir-191,5291
hsa-mir-526b,460612
hsa-mir-663b,9903
hsa-mir-345,5280961
hsa-mir-300,56842234
hsa-mir-665,444732
hsa-mir-148a,60606
hsa-mir-4749,2051
hsa-mir-30d,64971
hsa-mir-1468,65348
hsa-mir-510,60780
hsa-mir-922,11226684
hsa-mir-3168,969516
hsa-mir-22,216345
hsa-mir-1288,10184653
hsa-mir-122,452548
hsa-mir-1297,5746
hsa-mir-541,5280961
hsa-mir-4674,65348
hsa-mir-1247,54671203
hsa-mir-144,9915743
hsa-mir-31,3062316
hsa-mir-17,10635
hsa-mir-2116,444795
hsa-mir-3937,36462
hsa-mir-3139,10184653
hsa-mir-452,5360373
hsa-mir-4443,176870
hsa-mir-373,3062316
hsa-mir-22,5284583
hsa-mir-323a,2767
hsa-mir-149,3101
hsa-mir-663b,148124
hsa-mir-513c,36462
hsa-mir-3196,10184653
hsa-mir-98,43815
hsa-mir-297,126941
hsa-mir-147a,657237
hsa-mir-934,2520
hsa-mir-595,104741
hsa-mir-4689,5284583
hsa-mir-378f,11228183
hsa-mir-3187,72301
hsa-mir-660,38904
hsa-mir-302d,31703
hsa-mir-30b,216239
hsa-mir-4675,5291
hsa-mir-1343,1548943
hsa-mir-4530,104741
hsa-mir-3187,4891
hsa-mir-29a,5311272
hsa-mir-3611,24978538
hsa-mir-935,5865
hsa-mir-3186,442972
hsa-mir-510,657237
hsa-mir-203a,60606
hsa-mir-425,64971
hsa-mir-877,2520
hsa-mir-3917,442972
hsa-mir-147a,30323
hsa-mir-3178,57347814
hsa-mir-645,42611257
hsa-mir-522,126941
hsa-mir-675,460612
hsa-mir-760,148124
hsa-mir-3175,10184653
hsa-mir-98,10635
hsa-mir-4665,460612
hsa-mir-342,442972
hsa-mir-99b,11228183
hsa-mir-493,148124
hsa-mir-4745,3062316
hsa-mir-4455,5394
hsa-mir-519e,5291
hsa-mir-3200,24360
hsa-mir-20b,11228183
hsa-mir-1293,5360373
hsa-mir-665,5978
hsa-mir-920,65064
hsa-mir-214,44259
hsa-mir-374a,241903
hsa-mir-3141,5746
hsa-mir-500a,24180719
hsa-mir-4443,42611257
hsa-mir-922,38904
hsa-mir-1238,24801581
hsa-mir-1321,5746
hsa-mir-519d,2578
hsa-mir-568,442972
hsa-mir-23a,9931953
hsa-mir-1911,444732
hsa-mir-106b,72301
hsa-mir-4707,60700
hsa-mir-4685,5978
hsa-mir-598,969516
hsa-mir-3154,91820602
hsa-mir-524,460612
hsa-mir-221,24978538
hsa-mir-1297,5284616
hsa-mir-519e,126941
hsa-mir-4465,23725625
hsa-mir-760,10635
hsa-mir-1200,45266826
hsa-mir-4473,148124
hsa-mir-1250,2578
hsa-mir-15a,11228183
hsa-mir-378b,784
hsa-mir-655,2051
hsa-mir-487b,969516
hsa-mir-765,36314
hsa-mir-564,11228183
hsa-mir-4463,784
hsa-mir-452,448013
hsa-mir-1207,60700
hsa-mir-2113,3062316
hsa-mir-31,9915743
hsa-mir-346,448013
hsa-mir-4665,25183872
hsa-mir-3064,123631
hsa-mir-660,3006531
hsa-mir-449a,9826528
hsa-mir-4655,24978538
hsa-mir-1229,4212
hsa-mir-4655,126941
hsa-mir-942,3006531
hsa-mir-449b,452548
hsa-mir-545,5746
hsa-mir-483,442972
hsa-mir-4706,24801581
hsa-mir-3127,6253
hsa-mir-4728,9915743
hsa-mir-3162,2520
hsa-mir-637,285033
hsa-mir-517c,3385
hsa-mir-3074,56842234
hsa-mir-18a,387447
hsa-mir-619,104842
hsa-mir-4297,3657
hsa-mir-1343,216239
hsa-mir-581,65348
hsa-mir-655,5865
hsa-mir-7-3,2051
hsa-let-7e,3101
hsa-mir-345,444732
hsa-mir-633,10635
hsa-mir-3194,2907
hsa-mir-4689,5978
hsa-let-7i,444795
hsa-mir-4763,5360373
hsa-mir-519e,1548943
hsa-mir-492,38904
hsa-mir-4279,4212
hsa-mir-1267,65064
hsa-mir-3065,2733526
hsa-mir-652,2733526
hsa-mir-1469,24180719
hsa-mir-150,241903
hsa-mir-601,60700
hsa-mir-3126,38904
hsa-mir-2861,57347814
hsa-mir-3164,4891
hsa-mir-1290,636397
hsa-mir-648,122724
hsa-mir-519e,4212
hsa-mir-10b,3062316
hsa-mir-4508,5284616
hsa-mir-224,2051
hsa-mir-875,644241
hsa-mir-421,126941
hsa-mir-4455,387447
hsa-mir-517b,5291
hsa-mir-876,91820602
hsa-mir-4286,11626560
hsa-mir-4492,5394
hsa-mir-1301,11626560
hsa-mir-24-1,285033
hsa-mir-3187,2767
hsa-mir-518f,5865
hsa-mir-498,2520
hsa-mir-523,41867
hsa-mir-4731,24978538
hsa-mir-335,104741
hsa-mir-503,657237
hsa-mir-4725,5280961
hsa-mir-1249,784
hsa-mir-4678,5746
hsa-mir-4664,5311272
hsa-mir-602,2767
hsa-mir-532,2907
hsa-mir-4473,3385
hsa-mir-593,285033
hsa-mir-1246,444732
hsa-mir-3163,41867
hsa-mir-3154,30323
hsa-mir-642a,64971
hsa-mir-767,6505803
hsa-mir-196b,452548
hsa-mir-603,36462
hsa-mir-200b,4212
hsa-mir-4492,3657
hsa-mir-7-1,60606
hsa-mir-2682,60953
hsa-mir-147b,23725625
hsa-mir-1539,5329102
hsa-mir-223,3062316
hsa-mir-4279,31703
hsa-mir-561,11228183
hsa-mir-1207,122724
hsa-mir-2467,156413
hsa-mir-519d,2907
hsa-mir-568,5311272
hsa-mir-3200,123631
hsa-mir-302c,241903
hsa-mir-591,60780
hsa-mir-518c,442972
hsa-mir-1247,60953
hsa-mir-3621,3062316
hsa-mir-576,636397
hsa-mir-518c,216239
hsa-mir-302c,5284583
hsa-mir-524,784
hsa-mir-571,5746
hsa-mir-4467,156413
hsa-mir-10a,5311
hsa-mir-532,784
hsa-mir-17,10184653
hsa-mir-372,64971
hsa-mir-136,2907
hsa-mir-891b,9826528
hsa-mir-371a,54671203
hsa-mir-1343,30323
hsa-mir-1257,5360373
hsa-mir-4455,5978
hsa-mir-524,3006531
hsa-mir-4638,5284616
hsa-mir-127,91820602
hsa-mir-1183,10184653
hsa-mir-127,43815
hsa-mir-1913,24360
hsa-mir-4749,56842234
hsa-mir-149,45266826
hsa-mir-4324,1548943
hsa-mir-362,657237
hsa-mir-421,4212
hsa-mir-4447,3657
hsa-mir-4758,2051
hsa-mir-631,123631
hsa-mir-1292,5284616
hsa-mir-301b,123631
hsa-mir-624,65348
hsa-mir-137,3385
hsa-mir-4258,25183872
hsa-mir-508,3657
hsa-mir-367,54671203
hsa-mir-4664,2733526
hsa-mir-4319,24801581
hsa-mir-593,2767
hsa-mir-4284,91820602
hsa-mir-558,24180719
hsa-mir-4285,9903
hsa-mir-4655,5394
hsa-mir-382,156413
hsa-mir-636,452548
hsa-mir-760,5755
hsa-mir-577,444732
hsa-mir-1181,36462
hsa-let-7f-1,176870
hsa-mir-148b,5394
hsa-let-7d,10184653
hsa-mir-887,9903
hsa-mir-378g,784
hsa-mir-1249,5280961
hsa-mir-670,60700
hsa-mir-4466,657237
hsa-mir-1261,5284583
hsa-mir-555,30323
hsa-mir-503,387447
hsa-mir-4701,60700
hsa-mir-4530,72301
hsa-mir-141,6505803
hsa-mir-2682,3006531
hsa-mir-651,38904
hsa-mir-369,65064
hsa-mir-3139,65348
hsa-mir-3186,5284583
hsa-mir-517c,156413
hsa-mir-4455,97226
hsa-mir-150,60780
hsa-mir-337,72301
hsa-mir-1914,452548
hsa-mir-302c,3385
hsa-mir-4443,43815
hsa-mir-1257,9826528
hsa-mir-4716,45266826
hsa-mir-10a,91820602
hsa-mir-10b,156413
hsa-mir-1248,11226684
hsa-mir-1202,60780
hsa-let-7g,442972
hsa-mir-3186,784
hsa-mir-1225,65064
hsa-mir-422a,3006531
hsa-let-7c,65064
hsa-mir-621,2767
hsa-mir-365b,969516
hsa-mir-555,5743
hsa-mir-1202,3101
hsa-mir-4749,25183872
hsa-mir-518d,37542
hsa-mir-510,23725625
hsa-mir-15a,122724
hsa-mir-576,1548943
hsa-mir-506,969516
hsa-mir-1291,41867
hsa-mir-539,216239
hsa-let-7d,657237
hsa-mir-519d,448013
hsa-mir-1179,56842234
hsa-mir-1292,444732
hsa-mir-1236,216345
hsa-mir-647,5284583
hsa-mir-3117,60606
hsa-mir-4664,444795
hsa-mir-367,4891
hsa-mir-214,4891
hsa-mir-140,5755
hsa-mir-1296,60606
hsa-mir-548m,11626560
hsa-mir-190a,241903
hsa-mir-196b,4212
hsa-mir-151a,9931953
hsa-mir-376c,91820602
hsa-mir-520e,148124
hsa-mir-126,54671203
hsa-mir-33b,5865
hsa-mir-374a,657237
hsa-mir-577,156413
hsa-mir-4478,23725625
hsa-mir-372,5746
hsa-mir-141,60780
hsa-mir-3187,2907
hsa-mir-3154,123631
hsa-mir-638,57347814
hsa-mir-640,9826528
hsa-mir-621,5755
hsa-mir-4664,10184653
hsa-mir-3153,5284616
hsa-mir-3183,460612
hsa-mir-7-3,37542
hsa-mir-4731,6253
hsa-mir-1281,657237
hsa-mir-543,444732
hsa-mir-2278,43815
hsa-mir-642a,2578
hsa-mir-648,11228183
hsa-mir-18a,123631
hsa-mir-4678,9915743
hsa-mir-449b,5865
hsa-mir-1200,5865
hsa-mir-765,44259
hsa-mir-4711,104741
hsa-mir-452,104741
hsa-mir-570,5311
hsa-mir-626,784
hsa-mir-637,24801581
hsa-mir-2277,5360373
hsa-mir-411,5743
hsa-mir-876,5329102
hsa-mir-182,9931953
hsa-mir-1908,42611257
hsa-mir-323a,5311272
hsa-mir-519c,3657
hsa-mir-598,216345
hsa-mir-648,5284616
hsa-mir-618,97226
hsa-mir-708,442972
hsa-mir-524,24801581
hsa-mir-548c,176870
hsa-mir-302c,448013
hsa-mir-181d,11626560
hsa-let-7d,2051
hsa-mir-4428,657237
hsa-mir-409,5310940
hsa-mir-770,285033
hsa-mir-100,784
hsa-mir-211,4212
hsa-mir-4745,5360373
hsa-mir-1225,5746
hsa-mir-616,5311272
hsa-mir-1976,123631
hsa-mir-494,5746
hsa-mir-590,60606
hsa-mir-223,65064
hsa-mir-635,5743
hsa-mir-2682,9931953
hsa-mir-2278,60953
hsa-mir-4521,9915743
hsa-mir-132,6505803
hsa-mir-651,36462
hsa-mir-518e,644241
hsa-mir-452,5311
hsa-mir-2277,30323
hsa-mir-378f,444732
hsa-mir-1910,216345
hsa-mir-1226,5394
hsa-mir-4723,2907
hsa-mir-1299,6505803
hsa-mir-302d,104741
hsa-mir-451a,36314
hsa-mir-1908,11226684
hsa-mir-520d,2051
hsa-let-7f-2,97226
hsa-mir-936,448013
hsa-mir-4311,9903
hsa-mir-612,5311
hsa-mir-620,156413
hsa-mir-466,9931953
hsa-mir-183,636397
hsa-mir-9-1,57347814
hsa-mir-106a,30323
hsa-mir-488,5291
hsa-mir-199b,5329102
hsa-mir-4488,60780
hsa-mir-4501,60700
hsa-mir-1204,60953
hsa-mir-216a,5291
hsa-mir-34a,44259
hsa-mir-1321,148124
hsa-mir-936,91820602
hsa-mir-3960,24978538
hsa-mir-1224,636397
hsa-mir-135b,6253
hsa-mir-215,636397
hsa-mir-572,104741
hsa-mir-549a,216239
hsa-mir-508,5394
hsa-mir-2861,5310940
hsa-mir-3679,148124
hsa-mir-3154,31703
hsa-mir-922,45266826
hsa-mir-223,448013
hsa-mir-610,3385
hsa-mir-3178,10184653
hsa-mir-455,657237
hsa-mir-28,9915743
hsa-mir-4501,6253
hsa-mir-574,60780
hsa-mir-222,23725625
hsa-mir-3117,387447
hsa-mir-449b,36314
hsa-mir-425,60700
hsa-mir-2467,657237
hsa-mir-500b,72301
hsa-mir-6134,448013
hsa-mir-663a,45266826
hsa-mir-494,387447
hsa-mir-1914,156413
hsa-mir-1261,5743
hsa-mir-181d,444795
hsa-mir-4723,9903
hsa-mir-1234,5311272
hsa-mir-3682,4212
hsa-mir-4497,460612
hsa-mir-2861,54671203
hsa-mir-3127,241903
hsa-mir-665,636397
hsa-mir-621,448013
hsa-mir-548b,45266826
hsa-mir-489,2578
hsa-mir-23a,60606
hsa-mir-658,91820602
hsa-mir-548m,156413
hsa-mir-3147,2767
hsa-mir-2113,636397
hsa-mir-3168,6505803
hsa-mir-1238,57347814
hsa-mir-96,5284583
hsa-let-7f-1,41867
hsa-mir-4319,5755
hsa-mir-1197,216239
hsa-mir-33b,5291
hsa-mir-3074,636397
hsa-mir-4466,216345
hsa-mir-708,2578
hsa-mir-1538,60606
hsa-mir-513c,5746
hsa-mir-16-1,41867
hsa-mir-589,30323
hsa-mir-620,91820602
hsa-mir-564,5280961
hsa-mir-34c,43815
hsa-mir-568,5755
hsa-mir-296,54671203
hsa-mir-4655,148124
hsa-mir-517b,23725625
hsa-mir-765,176870
hsa-mir-648,91820602
hsa-mir-4685,444795
hsa-mir-378b,9826528
hsa-mir-631,442972
hsa-mir-651,4891
hsa-mir-4655,4891
hsa-mir-3621,448013
hsa-mir-708,5311272
hsa-mir-1304,460612
hsa-mir-147b,176870
hsa-mir-302b,3657
hsa-mir-494,9915743
hsa-mir-33b,44259
hsa-mir-32,4891
hsa-mir-186,44259
hsa-let-7f-1,122724
hsa-mir-1236,1548943
hsa-mir-1257,452548
hsa-mir-2116,56842234
hsa-mir-381,216345
hsa-mir-4466,5360373
hsa-mir-1469,460612
hsa-mir-2355,6505803
hsa-mir-16-2,43815
hsa-mir-532,444795
hsa-mir-4674,3062316
hsa-mir-26b,216345
hsa-mir-934,9903
hsa-mir-302d,6253
hsa-mir-1277,10635
hsa-mir-370,60700
hsa-mir-1470,5394
hsa-mir-374a,5280961
hsa-mir-548b,3062316
hsa-mir-4324,25183872
hsa-mir-4324,636397
hsa-mir-4707,25183872
hsa-mir-132,657237
hsa-mir-642a,148124
hsa-mir-4485,64971
hsa-mir-598,2051
hsa-mir-1246,91820602
hsa-mir-508,9931953
hsa-mir-34a,43815
hsa-mir-496,42611257
hsa-mir-4521,156413
hsa-mir-16-1,57347814
hsa-mir-148b,57347814
hsa-mir-204,657237
hsa-mir-342,65064
hsa-mir-17,5280961
hsa-mir-2277,448013
hsa-mir-148b,2907
hsa-mir-4685,4212
hsa-mir-891a,42611257
hsa-mir-920,969516
hsa-mir-130b,64971
hsa-mir-208a,3657
hsa-mir-676,104741
hsa-mir-23b,1548943
hsa-mir-20b,104842
hsa-let-7d,2578
hsa-mir-4289,65064
hsa-mir-130a,6253
hsa-mir-1250,3062316
hsa-mir-874,37542
hsa-mir-4728,123631
hsa-mir-922,5978
hsa-mir-1913,54671203
hsa-mir-2861,38904
hsa-mir-147a,9903
hsa-mir-660,5978
hsa-mir-518f,285033
hsa-mir-146b,216345
hsa-mir-1228,5310940
hsa-mir-33a,43815
hsa-mir-602,3006531
hsa-mir-15a,56842234
hsa-let-7c,10635
hsa-mir-4448,285033
hsa-mir-4640,43815
hsa-mir-136,24180719
hsa-mir-20a,30323
hsa-mir-4763,5280961
hsa-mir-1539,11226684
hsa-let-7a-1,636397
hsa-mir-100,11228183
hsa-mir-4430,3101
hsa-mir-132,72301
hsa-mir-200a,64971
hsa-mir-365b,444795
hsa-mir-378c,5746
hsa-mir-3674,5755
hsa-mir-378b,3006531
hsa-mir-609,3006531
hsa-mir-106a,216345
hsa-mir-518d,36314
hsa-mir-375,97226
hsa-mir-485,10635
hsa-mir-331,3657
hsa-mir-4653,11228183
hsa-mir-4787,23725625
hsa-mir-198,2520
hsa-mir-635,657237
hsa-mir-24-1,11226684
hsa-mir-542,126941
hsa-mir-645,5310940
hsa-mir-608,24978538
hsa-mir-611,2767
hsa-mir-375,5360373
hsa-mir-222,5329102
hsa-mir-4710,3062316
hsa-mir-4430,60750
hsa-mir-3167,3062316
hsa-mir-675,5329102
hsa-mir-659,43815
hsa-mir-650,5755
hsa-mir-597,2767
hsa-mir-1292,452548
hsa-mir-371b,65348
hsa-mir-135b,448013
hsa-mir-125a,5284583
hsa-mir-1469,5280961
hsa-mir-582,3006531
hsa-mir-375,387447
hsa-mir-2277,56842234
hsa-mir-150,657237
hsa-mir-204,636397
hsa-mir-4723,5755
hsa-mir-4749,442972
hsa-mir-574,1548943
hsa-mir-222,9903
hsa-mir-557,216345
hsa-mir-382,460612
hsa-mir-647,57347814
hsa-mir-199b,24801581
hsa-mir-520a,11228183
hsa-mir-506,176870
hsa-mir-517b,11228183
hsa-mir-4644,156413
hsa-mir-30b,24360
hsa-mir-634,5978
hsa-mir-204,9826528
hsa-mir-4488,216239
hsa-mir-766,60953
hsa-let-7a-1,5311
hsa-mir-4716,54671203
hsa-let-7f-1,444732
hsa-mir-141,2051
hsa-mir-135b,5311272
hsa-mir-4669,216345
hsa-mir-140,64971
hsa-mir-4497,5865
hsa-mir-100,448013
hsa-mir-96,644241
hsa-mir-3193,5865
hsa-mir-3196,38904
hsa-mir-4800,11626560
hsa-mir-3147,784
hsa-mir-3620,36314
hsa-mir-298,44259
hsa-mir-498,5291
hsa-mir-150,176870
hsa-mir-551b,452548
hsa-mir-182,636397
hsa-mir-1915,216345
hsa-mir-29c,45266826
hsa-mir-26b,42611257
hsa-mir-33b,216345
hsa-mir-433,60780
hsa-mir-1301,444795
hsa-mir-1343,636397
hsa-mir-3651,60700
hsa-mir-517b,2520
hsa-mir-410,3062316
hsa-mir-676,2733526
hsa-mir-339,11626560
hsa-mir-376c,969516
hsa-mir-622,11226684
hsa-mir-590,5978
hsa-mir-563,5360373
hsa-mir-498,44259
hsa-mir-210,448013
hsa-mir-216a,444795
hsa-mir-99b,65348
hsa-mir-548b,4891
hsa-mir-34c,644241
hsa-mir-614,9931953
hsa-mir-4800,784
hsa-mir-1281,65348
hsa-mir-631,448013
hsa-mir-592,2578
hsa-mir-99a,216239
hsa-mir-3183,5394
hsa-mir-1200,54671203
hsa-mir-490,2578
hsa-mir-655,37542
hsa-mir-1226,5284583
hsa-mir-1226,24180719
hsa-mir-877,644241
hsa-mir-4707,452548
hsa-mir-491,2051
hsa-mir-613,123631
hsa-mir-3196,43815
hsa-mir-1281,5394
hsa-mir-466,24180719
hsa-mir-541,10184653
hsa-mir-202,5284616
hsa-mir-491,44259
hsa-mir-15a,156413
hsa-mir-210,97226
hsa-mir-188,5329102
hsa-mir-3117,104842
hsa-mir-670,5284583
hsa-mir-766,5284583
hsa-mir-3175,60750
hsa-mir-326,657237
hsa-mir-520h,41867
hsa-mir-526b,60780
hsa-mir-4484,97226
hsa-mir-106b,9903
hsa-mir-676,45266826
hsa-mir-449a,36462
hsa-mir-590,60700
hsa-let-7a-2,444795
hsa-mir-372,57347814
hsa-mir-582,57347814
hsa-mir-130b,6505803
hsa-mir-15b,11226684
hsa-mir-3167,37542
hsa-let-7f-1,56842234
hsa-mir-4324,65064
hsa-mir-640,5329102
hsa-mir-4286,6253
hsa-mir-1264,784
hsa-mir-3064,156413
hsa-mir-10a,5865
hsa-mir-924,5311272
hsa-mir-3917,4891
hsa-mir-3126,10635
hsa-mir-4311,57347814
hsa-mir-302c,5280961
hsa-mir-378a,5755
hsa-mir-32,5280961
hsa-mir-3139,91820602
hsa-mir-532,38904
hsa-mir-1202,91820602
hsa-mir-337,60750
hsa-mir-564,24978538
hsa-mir-198,5280961
hsa-mir-326,9915743
hsa-mir-3164,60953
hsa-mir-301b,4891
hsa-mir-376c,36314
hsa-mir-374b,60780
hsa-mir-569,5284583
hsa-mir-190b,104842
hsa-mir-920,11228183
hsa-mir-497,9903
hsa-mir-135b,9903
hsa-mir-200a,65348
hsa-mir-148a,10635
hsa-mir-4731,5978
hsa-mir-185,123631
hsa-mir-3153,1548943
hsa-mir-2113,4212
hsa-mir-20a,460612
hsa-mir-19a,3101
hsa-mir-616,156413
hsa-mir-1271,11626560
hsa-mir-592,969516
hsa-mir-4508,6253
hsa-mir-874,91820602
hsa-mir-2467,2907
hsa-mir-921,636397
hsa-mir-718,5743
hsa-mir-496,5311
hsa-mir-378i,644241
hsa-mir-431,57347814
hsa-mir-2277,60750
hsa-mir-520h,5284583
hsa-mir-3141,216239
hsa-mir-492,5311
hsa-mir-519e,3062316
hsa-mir-1915,2733526
hsa-mir-892b,444795
hsa-mir-4678,5360373
hsa-mir-29c,5284616
hsa-mir-302b,9903
hsa-mir-378b,2907
hsa-mir-520h,2520
hsa-mir-1229,9915743
hsa-mir-3139,64971
hsa-mir-661,156413
hsa-mir-612,4891
hsa-mir-140,45266826
hsa-mir-938,3062316
hsa-mir-625,969516
hsa-mir-4488,644241
hsa-mir-4739,5311272
hsa-mir-2682,38904
hsa-mir-4497,5310940
hsa-mir-1323,5865
hsa-mir-491,60606
hsa-mir-616,24180719
hsa-mir-1538,60953
hsa-mir-3186,43815
hsa-mir-628,5746
hsa-mir-606,5284616
hsa-mir-620,11226684
hsa-mir-449c,9931953
hsa-mir-4476,442972
hsa-mir-3621,5291
hsa-mir-1256,54671203
hsa-mir-27a,636397
hsa-mir-520e,5755
hsa-mir-33a,4212
hsa-mir-20b,5978
hsa-mir-4447,122724
hsa-mir-670,9931953
hsa-mir-371a,156413
hsa-mir-30e,2051
hsa-mir-762,5746
hsa-mir-1200,216345
hsa-mir-4800,4212
hsa-mir-363,285033
hsa-mir-3144,42611257
hsa-mir-1179,97226
hsa-mir-3149,41867
hsa-mir-362,9826528
hsa-mir-760,60700
hsa-mir-520c,6505803
hsa-mir-1292,24360
hsa-mir-23a,5284583
hsa-mir-374b,25183872
hsa-mir-363,5743
hsa-mir-1248,5329102
hsa-let-7b,5311272
hsa-mir-4787,5394
hsa-mir-206,5311272
hsa-mir-618,43815
hsa-mir-614,126941
hsa-mir-134,2907
hsa-mir-629,60953
hsa-mir-34c,9826528
hsa-mir-4501,3385
hsa-mir-3611,126941
hsa-mir-758,2578
hsa-mir-212,2907
hsa-mir-369,97226
hsa-mir-3940,2907
hsa-mir-148a,4212
hsa-mir-1291,65348
hsa-mir-635,636397
hsa-mir-200c,41867
hsa-mir-7-1,45266826
hsa-mir-510,24978538
hsa-mir-3167,38904
hsa-mir-2113,104741
hsa-mir-381,60700
hsa-mir-940,60953
hsa-mir-23b,2733526
hsa-mir-621,636397
hsa-mir-4465,97226
hsa-mir-378c,60780
hsa-mir-1226,104741
hsa-mir-3177,38904
hsa-mir-374c,784
hsa-mir-942,2051
hsa-mir-1825,9931953
hsa-mir-609,56842234
hsa-mir-1307,5743
hsa-mir-3149,25183872
hsa-mir-524,60606
hsa-mir-4674,5280961
hsa-mir-198,60780
hsa-mir-19a,148124
hsa-mir-648,41867
hsa-mir-671,65064
hsa-mir-33a,3006531
hsa-mir-520b,5978
hsa-mir-296,636397
hsa-let-7d,45266826
hsa-mir-1290,122724
hsa-mir-182,38904
hsa-mir-4723,442972
hsa-mir-3940,43815
hsa-mir-1973,5329102
hsa-mir-3195,5360373
hsa-mir-3065,44259
hsa-mir-484,5746
hsa-mir-769,64971
hsa-mir-191,45266826
hsa-mir-4297,42611257
hsa-mir-598,91820602
hsa-mir-558,5978
hsa-mir-650,387447
hsa-mir-190a,104741
hsa-mir-1247,38904
hsa-mir-186,644241
hsa-mir-663b,5360373
hsa-mir-572,3385
hsa-mir-520g,60780
hsa-mir-383,3385
hsa-mir-1468,444795
hsa-mir-141,60953
hsa-mir-1257,6505803
hsa-mir-193b,10184653
hsa-mir-302a,5978
hsa-mir-588,60780
hsa-mir-3185,6505803
hsa-mir-4443,44259
hsa-mir-1253,11226684
hsa-mir-3146,2520
hsa-mir-377,5311272
hsa-mir-93,60953
hsa-mir-4701,2907
hsa-mir-581,969516
hsa-mir-1236,2733526
hsa-mir-4488,36462
hsa-mir-144,10635
hsa-mir-1264,25183872
hsa-mir-1914,2520
hsa-mir-4711,9903
hsa-mir-298,2907
hsa-mir-184,60953
hsa-let-7a-2,4891
hsa-mir-132,65348
hsa-mir-20b,104741
hsa-mir-585,24180719
hsa-mir-378e,444732
hsa-mir-4428,3062316
hsa-mir-1297,91820602
hsa-mir-603,9931953
hsa-mir-4447,23725625
hsa-mir-586,9903
hsa-mir-146b,24978538
hsa-mir-519c,156413
hsa-mir-181d,387447
hsa-mir-3161,60606
hsa-mir-578,5311272
hsa-mir-3937,65348
hsa-mir-1908,2051
hsa-mir-3620,23725625
hsa-mir-27b,23725625
hsa-mir-3940,91820602
hsa-mir-891a,60606
hsa-mir-588,444795
hsa-mir-1307,36462
hsa-mir-885,156413
hsa-mir-4448,44259
hsa-mir-99b,216345
hsa-mir-22,216239
hsa-mir-648,56842234
hsa-mir-431,91820602
hsa-mir-508,56842234
hsa-mir-744,126941
hsa-mir-130a,4891
hsa-mir-592,444732
hsa-mir-1292,5360373
hsa-mir-569,156413
hsa-mir-378f,5280961
hsa-mir-3178,644241
hsa-mir-888,24180719
hsa-mir-1257,2907
hsa-mir-1237,444732
hsa-mir-595,2733526
hsa-mir-221,5394
hsa-mir-3175,452548
hsa-mir-31,104842
hsa-mir-942,5978
hsa-mir-636,2578
hsa-mir-122,2520
hsa-mir-1343,5746
hsa-mir-30a,91820602
hsa-mir-584,42611257
hsa-mir-520g,43815
hsa-mir-1200,37542
hsa-mir-518c,123631
hsa-mir-455,216239
hsa-mir-4701,5865
hsa-mir-485,784
hsa-mir-4447,1548943
hsa-mir-16-1,36462
hsa-mir-1249,41867
hsa-mir-4443,10635
hsa-mir-190a,387447
hsa-mir-4685,5284616
hsa-mir-3149,23725625
hsa-mir-1469,11226684
hsa-mir-602,444732
hsa-mir-297,176870
hsa-mir-1202,10184653
hsa-mir-182,123631
hsa-mir-1270,2578
hsa-mir-1234,448013
hsa-mir-4707,2578
hsa-mir-601,176870
hsa-mir-30e,5394
hsa-mir-874,2907
hsa-mir-484,122724
hsa-mir-639,5284583
hsa-mir-1281,5360373
hsa-mir-635,2051
hsa-mir-99a,60606
hsa-mir-655,24801581
hsa-mir-2278,60606
hsa-mir-302c,2907
hsa-mir-1246,10635
hsa-mir-675,6505803
hsa-mir-1207,72301
hsa-mir-633,41867
hsa-mir-4675,126941
hsa-mir-18b,10635
hsa-mir-4675,5755
hsa-mir-302d,9931953
hsa-mir-675,57347814
hsa-mir-574,5865
hsa-mir-30e,3101
hsa-mir-936,444732
hsa-mir-922,5394
hsa-mir-2114,442972
hsa-mir-659,122724
hsa-mir-25,64971
hsa-mir-4478,37542
hsa-mir-378e,1548943
hsa-mir-572,2733526
hsa-mir-182,24801581
hsa-mir-597,285033
hsa-mir-150,9915743
hsa-mir-1264,5743
hsa-mir-338,636397
hsa-mir-889,126941
hsa-mir-24-2,9931953
hsa-mir-933,6505803
hsa-mir-1469,11228183
hsa-mir-320a,2733526
hsa-mir-181d,5284616
hsa-mir-1292,4212
hsa-mir-1183,3101
hsa-mir-433,10635
hsa-mir-520c,65348
hsa-mir-606,2578
hsa-mir-15b,54671203
hsa-mir-502,65064
hsa-mir-3146,126941
hsa-mir-494,24180719
hsa-mir-1307,9903
hsa-mir-3184,5329102
hsa-mir-33a,64971
hsa-mir-1253,2733526
hsa-let-7a-1,45266826
hsa-mir-557,448013
hsa-mir-520f,636397
hsa-mir-762,444732
hsa-mir-363,644241
hsa-mir-532,448013
hsa-mir-448,5284583
hsa-mir-935,6505803
hsa-mir-517b,2578
hsa-mir-433,5394
hsa-mir-23c,387447
hsa-mir-586,5291
hsa-mir-1226,2767
hsa-mir-4711,442972
hsa-mir-4665,1548943
hsa-mir-208a,37542
hsa-mir-555,156413
hsa-mir-1288,148124
hsa-mir-3651,5394
hsa-mir-676,460612
hsa-mir-668,9826528
hsa-mir-4701,9903
hsa-mir-3665,104741
hsa-mir-561,45266826
hsa-mir-374c,24180719
hsa-mir-1206,9931953
hsa-mir-3660,5743
hsa-mir-296,176870
hsa-mir-933,42611257
hsa-mir-631,91820602
hsa-mir-3183,11226684
hsa-mir-1197,784
hsa-mir-1204,45266826
hsa-mir-1204,5755
hsa-mir-1323,2051
hsa-mir-448,11228183
hsa-mir-3178,43815
hsa-mir-1306,104741
hsa-mir-3200,4891
hsa-mir-892b,43815
hsa-mir-130b,5394
hsa-mir-18a,60953
hsa-mir-563,5291
hsa-mir-135b,60953
hsa-mir-4731,5360373
hsa-mir-485,72301
hsa-mir-487b,6253
hsa-mir-1538,3657
hsa-mir-1237,5978
hsa-mir-4455,36314
hsa-mir-1323,5280961
hsa-mir-630,23725625
hsa-mir-492,5280961
hsa-mir-95,969516
hsa-mir-24-2,5329102
hsa-mir-517a,25183872
hsa-mir-765,216345
hsa-mir-374c,460612
hsa-mir-380,2520
hsa-mir-3178,3657
hsa-mir-99a,5311272
hsa-mir-340,9915743
hsa-mir-1539,9826528
hsa-mir-126,216345
hsa-mir-4497,9931953
hsa-mir-146a,122724
hsa-mir-376c,4891
hsa-mir-490,43815
hsa-mir-4749,1548943
hsa-mir-3178,60606
hsa-mir-3175,2907
hsa-mir-137,24801581
hsa-mir-888,3006531
hsa-mir-597,387447
hsa-mir-4638,5755
hsa-mir-4473,72301
hsa-mir-3654,216239
hsa-mir-1250,123631
hsa-mir-520b,24360
hsa-mir-320e,2907
hsa-let-7f-1,24180719
hsa-mir-888,60606
hsa-mir-130b,241903
hsa-mir-1914,36314
hsa-mir-4787,72301
hsa-mir-551b,65348
hsa-mir-204,24978538
hsa-mir-3679,442972
hsa-mir-3064,3062316
hsa-mir-4501,2051
hsa-mir-2467,60953
hsa-mir-4484,24360
hsa-mir-3173,41867
hsa-mir-1470,2051
hsa-mir-548c,44259
hsa-mir-3193,2520
hsa-mir-3161,5291
hsa-mir-141,10184653
hsa-mir-508,5284616
hsa-mir-588,97226
hsa-mir-4257,9931953
hsa-mir-611,5311
hsa-mir-378e,10635
hsa-mir-32,448013
hsa-mir-1470,72301
hsa-mir-574,9903
hsa-mir-767,122724
hsa-mir-4800,11228183
hsa-mir-382,42611257
hsa-mir-208a,57347814
hsa-let-7i,216345
hsa-mir-4488,56842234
hsa-mir-1297,5311272
hsa-mir-1238,24978538
hsa-mir-4689,5755
hsa-mir-1-1,3062316
hsa-mir-591,2733526
hsa-mir-660,2578
hsa-mir-769,5291
hsa-mir-98,5329102
hsa-mir-4644,126941
hsa-mir-3147,1548943
hsa-mir-4763,6253
hsa-mir-1469,216239
hsa-mir-766,9826528
hsa-mir-3162,60606
hsa-mir-4427,176870
hsa-mir-4701,10184653
hsa-mir-718,24180719
hsa-mir-504,123631
hsa-mir-340,6505803
hsa-mir-26b,2520
hsa-mir-455,24180719
hsa-mir-28,23725625
hsa-mir-483,5978
hsa-mir-4739,41867
hsa-mir-151a,9903
hsa-mir-718,5284616
hsa-mir-4723,9826528
hsa-mir-206,241903
hsa-mir-3188,5310940
hsa-mir-3183,3101
hsa-mir-598,5291
hsa-mir-95,10184653
hsa-mir-614,11226684
hsa-mir-4454,122724
hsa-mir-450b,31703
hsa-mir-629,24801581
hsa-mir-802,122724
hsa-mir-320a,4212
hsa-mir-601,25183872
hsa-mir-433,2733526
hsa-mir-1265,91820602
hsa-mir-519e,148124
hsa-mir-326,123631
hsa-mir-378g,56842234
hsa-mir-3960,10184653
hsa-mir-608,60780
hsa-mir-4758,3062316
hsa-mir-1261,5360373
hsa-mir-4723,452548
hsa-mir-653,3657
hsa-mir-3144,10635
hsa-mir-380,2051
hsa-mir-577,2767
hsa-mir-378c,3062316
hsa-mir-1307,37542
hsa-mir-20a,10635
hsa-mir-151a,72301
hsa-mir-570,60750
hsa-mir-1303,65348
hsa-mir-142,2051
hsa-mir-504,10184653
hsa-mir-885,72301
hsa-mir-372,11226684
hsa-mir-619,2733526
hsa-mir-650,784
hsa-mir-520e,24180719
hsa-mir-561,91820602
hsa-mir-611,60780
hsa-mir-4476,24360
hsa-mir-4716,5360373
hsa-mir-2116,10184653
hsa-mir-424,45266826
hsa-mir-2116,9903
hsa-mir-615,3062316
hsa-mir-557,23725625
hsa-mir-642a,3385
hsa-mir-424,5360373
hsa-mir-2682,452548
hsa-mir-500b,104842
hsa-mir-335,442972
hsa-mir-517a,387447
hsa-mir-3064,5978
hsa-mir-3917,9826528
hsa-mir-1301,2578
hsa-mir-648,60750
hsa-mir-33b,60780
hsa-mir-4286,442972
hsa-mir-15a,42611257
hsa-mir-374b,285033
hsa-mir-299,6253
hsa-mir-3127,2578
hsa-mir-345,5291
hsa-mir-21,10184653
hsa-mir-222,216345
hsa-mir-374c,43815
hsa-mir-4501,9931953
hsa-mir-433,9915743
hsa-mir-4725,42611257
hsa-mir-451a,387447
hsa-mir-4695,64971
hsa-mir-224,452548
hsa-mir-3173,11226684
hsa-mir-2861,5280961
hsa-mir-1236,969516
hsa-mir-195,65348
hsa-mir-4706,24180719
hsa-mir-483,23725625
hsa-mir-518b,216239
hsa-mir-491,43815
hsa-mir-1-1,176870
hsa-mir-519c,5284583
hsa-mir-637,24180719
hsa-mir-433,285033
hsa-mir-425,387447
hsa-mir-410,5311
hsa-let-7f-1,460612
hsa-mir-875,6505803
hsa-mir-504,5284583
hsa-mir-210,3101
hsa-mir-425,41867
hsa-mir-30d,5311
hsa-mir-302c,104842
hsa-mir-3177,9915743
hsa-mir-885,37542
hsa-let-7i,122724
hsa-mir-4463,148124
hsa-mir-1200,460612
hsa-mir-1913,10635
hsa-mir-4476,97226
hsa-mir-548m,65064
hsa-mir-934,11228183
hsa-mir-433,2578
hsa-mir-3164,60750
hsa-mir-517b,54671203
hsa-mir-643,5284583
hsa-mir-1825,36462
hsa-mir-412,5291
hsa-mir-7-3,1548943
hsa-mir-1229,442972
hsa-mir-330,42611257
hsa-mir-944,56842234
hsa-mir-1825,9826528
hsa-mir-875,5291
hsa-mir-4675,444795
hsa-mir-423,3062316
hsa-mir-197,2907
hsa-mir-1915,2578
hsa-mir-1307,9915743
hsa-mir-1250,60606
hsa-mir-139,43815
hsa-mir-152,72301
hsa-mir-142,5311
hsa-mir-3139,5394
hsa-mir-1256,3101
hsa-mir-505,5280961
hsa-let-7a-2,9826528
hsa-mir-32,24801581
hsa-mir-3144,4212
hsa-let-7c,9826528
hsa-mir-561,644241
hsa-mir-139,11626560
hsa-mir-586,24978538
hsa-mir-381,4891
hsa-mir-591,72301
hsa-mir-20a,9826528
hsa-mir-494,1548943
hsa-mir-1306,1548943
hsa-mir-378b,6505803
hsa-mir-4674,72301
hsa-mir-612,5360373
hsa-mir-3188,3062316
hsa-mir-518d,285033
hsa-mir-4289,5865
hsa-mir-3126,3006531
hsa-mir-134,11626560
hsa-mir-216a,60750
hsa-mir-122,176870
hsa-mir-802,42611257
hsa-mir-616,448013
hsa-mir-100,65064
hsa-mir-92b,5291
hsa-mir-4731,10635
hsa-mir-581,30323
hsa-mir-4448,156413
hsa-mir-769,5865
hsa-mir-3127,126941
hsa-mir-3620,5284583
hsa-mir-365b,60953
hsa-mir-2278,5280961
hsa-mir-4311,2520
hsa-mir-378a,5865
hsa-mir-1973,176870
hsa-mir-3163,6253
hsa-mir-609,65348
hsa-mir-621,11226684
hsa-mir-224,5311
hsa-mir-663b,5743
hsa-mir-30a,448013
hsa-mir-3651,10184653
hsa-mir-518c,216345
hsa-mir-655,156413
hsa-mir-450b,126941
hsa-mir-593,45266826
hsa-let-7d,460612
hsa-mir-30e,11626560
hsa-mir-139,969516
hsa-mir-588,969516
hsa-mir-675,444795
hsa-mir-920,4891
hsa-mir-148a,38904
hsa-mir-934,2733526
hsa-mir-342,156413
hsa-mir-1264,657237
hsa-mir-639,122724
hsa-mir-519c,122724
hsa-mir-640,156413
hsa-mir-921,37542
hsa-mir-134,104842
hsa-mir-4297,444732
hsa-mir-1270,5360373
hsa-mir-4675,444732
hsa-mir-1200,156413
hsa-mir-1301,65064
hsa-mir-664a,4212
hsa-mir-659,9915743
hsa-mir-590,104842
hsa-mir-4701,2578
hsa-mir-572,36314
hsa-mir-34c,148124
hsa-mir-513c,5394
hsa-mir-3937,60606
hsa-mir-585,460612
hsa-mir-130b,24801581
hsa-mir-548b,644241
hsa-mir-23b,37542
hsa-mir-215,387447
hsa-mir-4285,657237
hsa-mir-4516,123631
hsa-mir-9-1,38904
hsa-mir-665,5311272
hsa-mir-520b,11626560
hsa-mir-4675,5394
hsa-let-7a-2,65064
hsa-mir-133b,5311272
hsa-mir-151a,123631
hsa-mir-4640,444732
hsa-mir-665,657237
hsa-mir-4257,448013
hsa-mir-1299,65348
hsa-mir-662,5746
hsa-mir-148b,5360373
hsa-mir-1287,5394
hsa-mir-4721,123631
hsa-mir-4466,5284583
hsa-mir-4455,4891
hsa-mir-4257,41867
hsa-mir-223,444795
hsa-mir-802,37542
hsa-mir-532,176870
hsa-mir-150,784
hsa-mir-4706,25183872
hsa-mir-130a,43815
hsa-mir-4701,54671203
hsa-mir-374b,10635
hsa-mir-1910,60700
hsa-mir-1236,38904
